v_name,mos
Amanindark_720p_30fps_avs_qp39.mp4,0.953656483
Amanindark_720p_30fps_avs_qp45.mp4,0.469521593
Amanindark_720p_30fps_avs_qp51.mp4,0.142659806
Amanindark_720p_30fps_avs_qp57.mp4,0.019230769
Amanindark_720p_30fps_HLVC_2048.avi,0.98943893
Amanindark_720p_30fps_HLVC_1024.avi,0.817317656
Amanindark_720p_30fps_HLVC_512.avi,0.557692308
Amanindark_720p_30fps_HLVC_256.avi,0.282676856
Amanindark_720p_30fps_vvc_qp32.mp4,0.964175998
Amanindark_720p_30fps_vvc_qp37.mp4,0.5
Amanindark_720p_30fps_vvc_qp42.mp4,0.134461323
Amanindark_720p_30fps_vvc_qp47.mp4,0.013019719
Aman_720p_24fps_avs_qp39.mp4,0.95416791
Aman_720p_24fps_avs_qp45.mp4,0.473549507
Aman_720p_24fps_avs_qp51.mp4,0.145833333
Aman_720p_24fps_avs_qp57.mp4,0.020108747
Aman_720p_24fps_HLVC_2048.avi,0.992242331
Aman_720p_24fps_HLVC_1024.avi,0.862456636
Aman_720p_24fps_HLVC_512.avi,0.651592838
Aman_720p_24fps_HLVC_256.avi,0.395833333
Aman_720p_24fps_vvc_qp32.mp4,0.969733392
Aman_720p_24fps_vvc_qp37.mp4,0.557692308
Aman_720p_24fps_vvc_qp42.mp4,0.184450256
Aman_720p_24fps_vvc_qp47.mp4,0.025800592
Amusement_720p_30fps_avs_qp39.mp4,0.977143817
Amusement_720p_30fps_avs_qp45.mp4,0.691847285
Amusement_720p_30fps_avs_qp51.mp4,0.387189288
Amusement_720p_30fps_avs_qp57.mp4,0.145833333
Amusement_720p_30fps_HLVC_2048.avi,0.991766155
Amusement_720p_30fps_HLVC_1024.avi,0.854626564
Amusement_720p_30fps_HLVC_512.avi,0.634615385
Amusement_720p_30fps_HLVC_256.avi,0.373856336
Amusement_720p_30fps_vvc_qp32.mp4,0.987476405
Amusement_720p_30fps_vvc_qp37.mp4,0.787059961
Amusement_720p_30fps_vvc_qp42.mp4,0.5
Amusement_720p_30fps_vvc_qp47.mp4,0.223192992
Anchor_1080p_25fps_avs_qp39.mp4,0.986951576
Anchor_1080p_25fps_avs_qp45.mp4,0.811178873
Anchor_1080p_25fps_avs_qp51.mp4,0.583333333
Anchor_1080p_25fps_avs_qp57.mp4,0.334982914
Anchor_1080p_25fps_HLVC_2048.avi,0.996124364
Anchor_1080p_25fps_HLVC_1024.avi,0.928875891
Anchor_1080p_25fps_HLVC_512.avi,0.807692308
Anchor_1080p_25fps_HLVC_256.avi,0.629961427
Anchor_1080p_25fps_vvc_qp32.mp4,0.989593361
Anchor_1080p_25fps_vvc_qp37.mp4,0.819744839
Anchor_1080p_25fps_vvc_qp42.mp4,0.5625
Anchor_1080p_25fps_vvc_qp47.mp4,0.287975813
Atlantis_720p_24fps_avs_qp39.mp4,0.989722743
Atlantis_720p_24fps_avs_qp45.mp4,0.84823879
Atlantis_720p_24fps_avs_qp51.mp4,0.654467592
Atlantis_720p_24fps_avs_qp57.mp4,0.423076923
Atlantis_720p_24fps_HLVC_2048.avi,0.992082171
Atlantis_720p_24fps_HLVC_1024.avi,0.859815458
Atlantis_720p_24fps_HLVC_512.avi,0.645833333
Atlantis_720p_24fps_HLVC_256.avi,0.388302078
Atlantis_720p_24fps_vvc_qp32.mp4,0.994783073
Atlantis_720p_24fps_vvc_qp37.mp4,0.905397614
Atlantis_720p_24fps_vvc_qp42.mp4,0.75
Atlantis_720p_24fps_vvc_qp47.mp4,0.536633779
Beach_720p_24fps_avs_qp39.mp4,0.984365048
Beach_720p_24fps_avs_qp45.mp4,0.777962412
Beach_720p_24fps_avs_qp51.mp4,0.523779149
Beach_720p_24fps_avs_qp57.mp4,0.269230769
Beach_720p_24fps_HLVC_2048.avi,0.993523668
Beach_720p_24fps_HLVC_1024.avi,0.883865404
Beach_720p_24fps_HLVC_512.avi,0.699522954
Beach_720p_24fps_HLVC_256.avi,0.461538462
Beach_720p_24fps_vvc_qp32.mp4,0.988418061
Beach_720p_24fps_vvc_qp37.mp4,0.801443248
Beach_720p_24fps_vvc_qp42.mp4,0.526910653
Beach_720p_24fps_vvc_qp47.mp4,0.25
Blackhouses_720p_24fps_avs_qp39.mp4,0.983667947
Blackhouses_720p_24fps_avs_qp45.mp4,0.769230769
Blackhouses_720p_24fps_avs_qp51.mp4,0.50877116
Blackhouses_720p_24fps_avs_qp57.mp4,0.25380834
Blackhouses_720p_24fps_HLVC_2048.avi,0.989607376
Blackhouses_720p_24fps_HLVC_1024.avi,0.819965443
Blackhouses_720p_24fps_HLVC_512.avi,0.562938305
Blackhouses_720p_24fps_HLVC_256.avi,0.288461538
Blackhouses_720p_24fps_vvc_qp32.mp4,0.992002642
Blackhouses_720p_24fps_vvc_qp37.mp4,0.858506823
Blackhouses_720p_24fps_vvc_qp42.mp4,0.642992039
Blackhouses_720p_24fps_vvc_qp47.mp4,0.384615385
Blackhouse_720p_24fps_avs_qp39.mp4,0.989541292
Blackhouse_720p_24fps_avs_qp45.mp4,0.845764432
Blackhouse_720p_24fps_avs_qp51.mp4,0.64956168
Blackhouse_720p_24fps_avs_qp57.mp4,0.416666667
Blackhouse_720p_24fps_HLVC_2048.avi,0.990273237
Blackhouse_720p_24fps_HLVC_1024.avi,0.830511789
Blackhouse_720p_24fps_HLVC_512.avi,0.584153954
Blackhouse_720p_24fps_HLVC_256.avi,0.3125
Blackhouse_720p_24fps_vvc_qp32.mp4,0.992797481
Blackhouse_720p_24fps_vvc_qp37.mp4,0.87167114
Blackhouse_720p_24fps_vvc_qp42.mp4,0.671949552
Blackhouse_720p_24fps_vvc_qp47.mp4,0.423076923
Blackleaf_1080p_25fps_avs_qp39.mp4,0.994323431
Blackleaf_1080p_25fps_avs_qp45.mp4,0.913290261
Blackleaf_1080p_25fps_avs_qp51.mp4,0.791666667
Blackleaf_1080p_25fps_avs_qp57.mp4,0.622490442
Blackleaf_1080p_25fps_HLVC_2048.avi,0.996058179
Blackleaf_1080p_25fps_HLVC_1024.avi,0.927703969
Blackleaf_1080p_25fps_HLVC_512.avi,0.804746009
Blackleaf_1080p_25fps_HLVC_256.avi,0.625
Blackleaf_1080p_25fps_vvc_qp32.mp4,0.997374703
Blackleaf_1080p_25fps_vvc_qp37.mp4,0.951280561
Blackleaf_1080p_25fps_vvc_qp42.mp4,0.865384615
Blackleaf_1080p_25fps_vvc_qp47.mp4,0.731380668
Boats_720p_25fps_avs_qp39.mp4,0.976382452
Boats_720p_25fps_avs_qp45.mp4,0.68330817
Boats_720p_25fps_avs_qp51.mp4,0.375
Boats_720p_25fps_avs_qp57.mp4,0.136668511
Boats_720p_25fps_HLVC_2048.avi,0.992670115
Boats_720p_25fps_HLVC_1024.avi,0.869548887
Boats_720p_25fps_HLVC_512.avi,0.6672247
Boats_720p_25fps_HLVC_256.avi,0.416666667
Boats_720p_25fps_vvc_qp32.mp4,0.987476405
Boats_720p_25fps_vvc_qp37.mp4,0.787059961
Boats_720p_25fps_vvc_qp42.mp4,0.5
Boats_720p_25fps_vvc_qp47.mp4,0.223192992
Boat_720p_30fps_avs_qp39.mp4,0.964899045
Boat_720p_30fps_avs_qp45.mp4,0.565916409
Boat_720p_30fps_avs_qp51.mp4,0.230769231
Boat_720p_30fps_avs_qp57.mp4,0.051030133
Boat_720p_30fps_HLVC_2048.avi,0.992670115
Boat_720p_30fps_HLVC_1024.avi,0.869548887
Boat_720p_30fps_HLVC_512.avi,0.6672247
Boat_720p_30fps_HLVC_256.avi,0.416666667
Boat_720p_30fps_vvc_qp32.mp4,0.884615385
Boat_720p_30fps_vvc_qp37.mp4,0.097349848
Boat_720p_30fps_vvc_qp42.mp4,0.001178954
Boat_720p_30fps_vvc_qp47.mp4,4.61E-07
Branch_720p_30fps_avs_qp39.mp4,0.961628069
Branch_720p_30fps_avs_qp45.mp4,0.536111857
Branch_720p_30fps_avs_qp51.mp4,0.200751278
Branch_720p_30fps_avs_qp57.mp4,0.038461538
Branch_720p_30fps_HLVC_2048.avi,0.979073858
Branch_720p_30fps_HLVC_1024.avi,0.669104027
Branch_720p_30fps_HLVC_512.avi,0.3125
Branch_720p_30fps_HLVC_256.avi,0.080730778
Branch_720p_30fps_vvc_qp32.mp4,0.973691584
Branch_720p_30fps_vvc_qp37.mp4,0.602569176
Branch_720p_30fps_vvc_qp42.mp4,0.230769231
Branch_720p_30fps_vvc_qp47.mp4,0.041893684
Bridge_720p_50fps_avs_qp39.mp4,0.989569882
Bridge_720p_50fps_avs_qp45.mp4,0.846153846
Bridge_720p_50fps_avs_qp51.mp4,0.650332274
Bridge_720p_50fps_avs_qp57.mp4,0.417670269
Bridge_720p_50fps_HLVC_2048.avi,0.992082171
Bridge_720p_50fps_HLVC_1024.avi,0.859815458
Bridge_720p_50fps_HLVC_512.avi,0.645833333
Bridge_720p_50fps_HLVC_256.avi,0.388302078
Bridge_720p_50fps_vvc_qp32.mp4,0.990648784
Bridge_720p_50fps_vvc_qp37.mp4,0.836516485
Bridge_720p_50fps_vvc_qp42.mp4,0.596463799
Bridge_720p_50fps_vvc_qp47.mp4,0.326923077
Brokenbuilding_1080p_24fps_avs_qp39.mp4,0.994809131
Brokenbuilding_1080p_24fps_avs_qp45.mp4,0.920424172
Brokenbuilding_1080p_24fps_avs_qp51.mp4,0.807692308
Brokenbuilding_1080p_24fps_avs_qp57.mp4,0.6483255
Brokenbuilding_1080p_24fps_HLVC_2048.avi,0.994507519
Brokenbuilding_1080p_24fps_HLVC_1024.avi,0.900644382
Brokenbuilding_1080p_24fps_HLVC_512.avi,0.738658827
Brokenbuilding_1080p_24fps_HLVC_256.avi,0.519230769
Brokenbuilding_1080p_24fps_vvc_qp32.mp4,0.995796087
Brokenbuilding_1080p_24fps_vvc_qp37.mp4,0.923076923
Brokenbuilding_1080p_24fps_vvc_qp42.mp4,0.793182
Brokenbuilding_1080p_24fps_vvc_qp47.mp4,0.605730497
Buddha_720p_30fps_avs_qp39.mp4,0.964735206
Buddha_720p_30fps_avs_qp45.mp4,0.564387333
Buddha_720p_30fps_avs_qp51.mp4,0.229166667
Buddha_720p_30fps_avs_qp57.mp4,0.05031364
Buddha_720p_30fps_HLVC_2048.avi,0.982677491
Buddha_720p_30fps_HLVC_1024.avi,0.717478946
Buddha_720p_30fps_HLVC_512.avi,0.382477127
Buddha_720p_30fps_HLVC_256.avi,0.125
Buddha_720p_30fps_vvc_qp32.mp4,0.978676435
Buddha_720p_30fps_vvc_qp37.mp4,0.663962419
Buddha_720p_30fps_vvc_qp42.mp4,0.305599214
Buddha_720p_30fps_vvc_qp47.mp4,0.076923077
Buildingjoker_1080p_60fps_avs_qp39.mp4,0.990966629
Buildingjoker_1080p_60fps_avs_qp45.mp4,0.865384615
Buildingjoker_1080p_60fps_avs_qp51.mp4,0.689085599
Buildingjoker_1080p_60fps_avs_qp57.mp4,0.469721794
Buildingjoker_1080p_60fps_HLVC_2048.avi,0.992002642
Buildingjoker_1080p_60fps_HLVC_1024.avi,0.858506823
Buildingjoker_1080p_60fps_HLVC_512.avi,0.642992039
Buildingjoker_1080p_60fps_HLVC_256.avi,0.384615385
Buildingjoker_1080p_60fps_vvc_qp32.mp4,0.992827741
Buildingjoker_1080p_60fps_vvc_qp37.mp4,0.872176075
Buildingjoker_1080p_60fps_vvc_qp42.mp4,0.673076923
Buildingjoker_1080p_60fps_vvc_qp47.mp4,0.42461422
Buildingsquare_720p_30fps_avs_qp39.mp4,0.961892052
Buildingsquare_720p_30fps_avs_qp45.mp4,0.538461538
Buildingsquare_720p_30fps_avs_qp51.mp4,0.203025307
Buildingsquare_720p_30fps_avs_qp57.mp4,0.039350721
Buildingsquare_720p_30fps_HLVC_2048.avi,0.987476405
Buildingsquare_720p_30fps_HLVC_1024.avi,0.787059961
Buildingsquare_720p_30fps_HLVC_512.avi,0.5
Buildingsquare_720p_30fps_HLVC_256.avi,0.223192992
Buildingsquare_720p_30fps_vvc_qp32.mp4,0.977650027
Buildingsquare_720p_30fps_vvc_qp37.mp4,0.650856005
Buildingsquare_720p_30fps_vvc_qp42.mp4,0.288461538
Buildingsquare_720p_30fps_vvc_qp47.mp4,0.067893247
Building_720p_24fps_avs_qp39.mp4,0.985311732
Building_720p_24fps_avs_qp45.mp4,0.789969063
Building_720p_24fps_avs_qp51.mp4,0.54485385
Building_720p_24fps_avs_qp57.mp4,0.291666667
Building_720p_24fps_HLVC_2048.avi,0.988154232
Building_720p_24fps_HLVC_1024.avi,0.797388492
Building_720p_24fps_HLVC_512.avi,0.519230769
Building_720p_24fps_HLVC_256.avi,0.242182889
Building_720p_24fps_vvc_qp32.mp4,0.989607376
Building_720p_24fps_vvc_qp37.mp4,0.819965443
Building_720p_24fps_vvc_qp42.mp4,0.562938305
Building_720p_24fps_vvc_qp47.mp4,0.288461538
Butterfly_720p_30fps_avs_qp39.mp4,0.975458381
Butterfly_720p_30fps_avs_qp45.mp4,0.673076923
Butterfly_720p_30fps_avs_qp51.mp4,0.360708082
Butterfly_720p_30fps_avs_qp57.mp4,0.12630678
Butterfly_720p_30fps_HLVC_2048.avi,0.984208402
Butterfly_720p_30fps_HLVC_1024.avi,0.739016778
Butterfly_720p_30fps_HLVC_512.avi,0.416666667
Butterfly_720p_30fps_HLVC_256.avi,0.150439241
Butterfly_720p_30fps_vvc_qp32.mp4,0.916666667
Butterfly_720p_30fps_vvc_qp37.mp4,0.191433238
Butterfly_720p_30fps_vvc_qp42.mp4,0.008348898
Butterfly_720p_30fps_vvc_qp47.mp4,3.19E-05
Cactus_1080p_50fps_avs_qp39.mp4,0.984155862
Cactus_1080p_50fps_avs_qp45.mp4,0.775332515
Cactus_1080p_50fps_avs_qp51.mp4,0.519230769
Cactus_1080p_50fps_avs_qp57.mp4,0.26450806
Cactus_1080p_50fps_HLVC_2048.avi,0.996231856
Cactus_1080p_50fps_HLVC_1024.avi,0.930782208
Cactus_1080p_50fps_HLVC_512.avi,0.8125
Cactus_1080p_50fps_HLVC_256.avi,0.638102672
Cactus_1080p_50fps_vvc_qp32.mp4,0.98536844
Cactus_1080p_50fps_vvc_qp37.mp4,0.755743326
Cactus_1080p_50fps_vvc_qp42.mp4,0.444555169
Cactus_1080p_50fps_vvc_qp47.mp4,0.173076923
Castle_720p_30fps_avs_qp39.mp4,0.983251191
Castle_720p_30fps_avs_qp45.mp4,0.764054572
Castle_720p_30fps_avs_qp51.mp4,0.5
Castle_720p_30fps_avs_qp57.mp4,0.245008516
Castle_720p_30fps_HLVC_2048.avi,0.990049
Castle_720p_30fps_HLVC_1024.avi,0.826945897
Castle_720p_30fps_HLVC_512.avi,0.576923077
Castle_720p_30fps_HLVC_256.avi,0.304190766
Castle_720p_30fps_vvc_qp32.mp4,0.984972889
Castle_720p_30fps_vvc_qp37.mp4,0.75
Castle_720p_30fps_vvc_qp42.mp4,0.434845756
Castle_720p_30fps_vvc_qp47.mp4,0.165001908
Catbeetle_720p_60fps_avs_qp39.mp4,0.99016825
Catbeetle_720p_60fps_avs_qp45.mp4,0.854342762
Catbeetle_720p_60fps_avs_qp51.mp4,0.666666667
Catbeetle_720p_60fps_avs_qp57.mp4,0.439231922
Catbeetle_720p_60fps_HLVC_2048.avi,0.993168404
Catbeetle_720p_60fps_HLVC_1024.avi,0.877879693
Catbeetle_720p_60fps_HLVC_512.avi,0.685897499
Catbeetle_720p_60fps_HLVC_256.avi,0.442307692
Catbeetle_720p_60fps_vvc_qp32.mp4,0.993831363
Catbeetle_720p_60fps_vvc_qp37.mp4,0.889080856
Catbeetle_720p_60fps_vvc_qp42.mp4,0.711538462
Catbeetle_720p_60fps_vvc_qp47.mp4,0.478862735
Cats_720p_60fps_avs_qp39.mp4,0.981168613
Cats_720p_60fps_avs_qp45.mp4,0.738674112
Cats_720p_60fps_avs_qp51.mp4,0.458333333
Cats_720p_60fps_avs_qp57.mp4,0.205354656
Cats_720p_60fps_HLVC_2048.avi,0.992002642
Cats_720p_60fps_HLVC_1024.avi,0.858506823
Cats_720p_60fps_HLVC_512.avi,0.642992039
Cats_720p_60fps_HLVC_256.avi,0.384615385
Cats_720p_60fps_vvc_qp32.mp4,0.98536844
Cats_720p_60fps_vvc_qp37.mp4,0.755743326
Cats_720p_60fps_vvc_qp42.mp4,0.444555169
Cats_720p_60fps_vvc_qp47.mp4,0.173076923
Chicken_1080p_60fps_avs_qp39.mp4,0.993014259
Chicken_1080p_60fps_avs_qp45.mp4,0.894318541
Chicken_1080p_60fps_avs_qp51.mp4,0.75
Chicken_1080p_60fps_avs_qp57.mp4,0.55781127
Chicken_1080p_60fps_HLVC_2048.avi,0.994783073
Chicken_1080p_60fps_HLVC_1024.avi,0.905397614
Chicken_1080p_60fps_HLVC_512.avi,0.75
Chicken_1080p_60fps_vvc_qp32.mp4,0.9952411
Chicken_1080p_60fps_vvc_qp37.mp4,0.913351089
Chicken_1080p_60fps_vvc_qp42.mp4,0.769230769
Chicken_1080p_60fps_vvc_qp47.mp4,0.566849828
Church_720p_24fps_avs_qp39.mp4,0.977771699
Church_720p_24fps_avs_qp45.mp4,0.698964467
Church_720p_24fps_avs_qp51.mp4,0.397531642
Church_720p_24fps_avs_qp57.mp4,0.153846154
Church_720p_24fps_HLVC_2048.avi,0.990144226
Church_720p_24fps_HLVC_1024.avi,0.828458435
Church_720p_24fps_HLVC_512.avi,0.579982986
Church_720p_24fps_HLVC_256.avi,0.307692308
Church_720p_24fps_vvc_qp32.mp4,0.9882096
Church_720p_24fps_vvc_qp37.mp4,0.798237824
Church_720p_24fps_vvc_qp42.mp4,0.520833333
Church_720p_24fps_vvc_qp47.mp4,0.243803064
City_720p_24fps_avs_qp39.mp4,0.992593325
City_720p_24fps_avs_qp45.mp4,0.888297534
City_720p_24fps_avs_qp51.mp4,0.737063484
City_720p_24fps_avs_qp57.mp4,0.538461538
City_720p_24fps_HLVC_2048.avi,0.992655014
City_720p_24fps_HLVC_1024.avi,0.869297587
City_720p_24fps_HLVC_512.avi,0.666666667
City_720p_24fps_HLVC_256.avi,0.415913052
City_720p_24fps_vvc_qp32.mp4,0.995688021
City_720p_24fps_vvc_qp37.mp4,0.921175458
City_720p_24fps_vvc_qp42.mp4,0.788461538
City_720p_24fps_vvc_qp47.mp4,0.59795784
Coast_720p_60fps_avs_qp39.mp4,0.985944863
Coast_720p_60fps_avs_qp45.mp4,0.798095644
Coast_720p_60fps_avs_qp51.mp4,0.559407639
Coast_720p_60fps_avs_qp57.mp4,0.307692308
Coast_720p_60fps_HLVC_2048.avi,0.988154232
Coast_720p_60fps_HLVC_1024.avi,0.797388492
Coast_720p_60fps_HLVC_512.avi,0.519230769
Coast_720p_60fps_HLVC_256.avi,0.242182889
Coast_720p_60fps_vvc_qp32.mp4,0.903846154
Coast_720p_60fps_vvc_qp37.mp4,0.146485883
Coast_720p_60fps_vvc_qp42.mp4,0.003847674
Coast_720p_60fps_vvc_qp47.mp4,5.96E-06
Cooking_1080p_24fps_avs_qp39.mp4,0.976757311
Cooking_1080p_24fps_avs_qp45.mp4,0.6875
Cooking_1080p_24fps_avs_qp51.mp4,0.380953886
Cooking_1080p_24fps_avs_qp57.mp4,0.141107402
Cooking_1080p_24fps_HLVC_2048.avi,0.994192165
Cooking_1080p_24fps_HLVC_1024.avi,0.895233628
Cooking_1080p_24fps_HLVC_512.avi,0.725886115
Cooking_1080p_24fps_HLVC_256.avi,0.5
Cooking_1080p_24fps_vvc_qp32.mp4,0.987476405
Cooking_1080p_24fps_vvc_qp37.mp4,0.787059961
Cooking_1080p_24fps_vvc_qp42.mp4,0.5
Cooking_1080p_24fps_vvc_qp47.mp4,0.223192992
Couple_720p_24fps_avs_qp39.mp4,0.920390311
Couple_720p_24fps_avs_qp45.mp4,0.266668917
Couple_720p_24fps_avs_qp51.mp4,0.033228385
Couple_720p_24fps_avs_qp57.mp4,0.001
Couple_720p_24fps_HLVC_2048.avi,0.986772483
Couple_720p_24fps_HLVC_1024.avi,0.776468023
Couple_720p_24fps_HLVC_512.avi,0.480769231
Couple_720p_24fps_HLVC_256.avi,0.205034339
Couple_720p_24fps_vvc_qp32.mp4,0.976313346
Couple_720p_24fps_vvc_qp37.mp4,0.634154819
Couple_720p_24fps_vvc_qp42.mp4,0.26755153
Couple_720p_24fps_vvc_qp47.mp4,0.057692308
Crossroad_1080p_24fps_avs_qp39.mp4,0.983796444
Crossroad_1080p_24fps_avs_qp45.mp4,0.770833333
Crossroad_1080p_24fps_avs_qp51.mp4,0.51150567
Crossroad_1080p_24fps_avs_qp57.mp4,0.256583993
Crossroad_1080p_24fps_HLVC_2048.avi,0.995388428
Crossroad_1080p_24fps_HLVC_1024.avi,0.915923416
Crossroad_1080p_24fps_HLVC_512.avi,0.775518767
Crossroad_1080p_24fps_HLVC_256.avi,0.576923077
Crossroad_1080p_24fps_vvc_qp32.mp4,0.98671258
Crossroad_1080p_24fps_vvc_qp37.mp4,0.775572932
Crossroad_1080p_24fps_vvc_qp42.mp4,0.479166667
Crossroad_1080p_24fps_vvc_qp47.mp4,0.203558474
Deadwood_720p_30fps_avs_qp39.mp4,0.964735206
Deadwood_720p_30fps_avs_qp45.mp4,0.564387333
Deadwood_720p_30fps_avs_qp51.mp4,0.229166667
Deadwood_720p_30fps_avs_qp57.mp4,0.05031364
Deadwood_720p_30fps_HLVC_2048.avi,0.98117307
Deadwood_720p_30fps_HLVC_1024.avi,0.696894085
Deadwood_720p_30fps_HLVC_512.avi,0.351567803
Deadwood_720p_30fps_HLVC_256.avi,0.104166667
Deadwood_720p_30fps_vvc_qp32.mp4,0.977251487
Deadwood_720p_30fps_vvc_qp37.mp4,0.645833333
Deadwood_720p_30fps_vvc_qp42.mp4,0.282064668
Deadwood_720p_30fps_vvc_qp47.mp4,0.06467768
Dialogue_720p_30fps_avs_qp39.mp4,0.964899045
Dialogue_720p_30fps_avs_qp45.mp4,0.565916409
Dialogue_720p_30fps_avs_qp51.mp4,0.230769231
Dialogue_720p_30fps_avs_qp57.mp4,0.051030133
Dialogue_720p_30fps_HLVC_2048.avi,0.988418061
Dialogue_720p_30fps_HLVC_1024.avi,0.801443248
Dialogue_720p_30fps_HLVC_512.avi,0.526910653
Dialogue_720p_30fps_HLVC_256.avi,0.25
Dialogue_720p_30fps_vvc_qp32.mp4,0.967341464
Dialogue_720p_30fps_vvc_qp37.mp4,0.532128197
Dialogue_720p_30fps_vvc_qp42.mp4,0.16102348
Dialogue_720p_30fps_vvc_qp47.mp4,0.019230769
Dinosaur_720p_60fps_avs_qp39.mp4,0.978866483
Dinosaur_720p_60fps_avs_qp45.mp4,0.711538462
Dinosaur_720p_60fps_avs_qp51.mp4,0.416213001
Dinosaur_720p_60fps_avs_qp57.mp4,0.168870899
Dinosaur_720p_60fps_HLVC_2048.avi,0.992655014
Dinosaur_720p_60fps_HLVC_1024.avi,0.869297587
Dinosaur_720p_60fps_HLVC_512.avi,0.666666667
Dinosaur_720p_60fps_HLVC_256.avi,0.415913052
Dinosaur_720p_60fps_vvc_qp32.mp4,0.990144226
Dinosaur_720p_60fps_vvc_qp37.mp4,0.828458435
Dinosaur_720p_60fps_vvc_qp42.mp4,0.579982986
Dinosaur_720p_60fps_vvc_qp47.mp4,0.307692308
Dogdeer_720p_60fps_avs_qp39.mp4,0.970931793
Dogdeer_720p_60fps_avs_qp45.mp4,0.625
Dogdeer_720p_60fps_avs_qp51.mp4,0.298029727
Dogdeer_720p_60fps_avs_qp57.mp4,0.08574763
Dogdeer_720p_60fps_HLVC_2048.avi,0.990648784
Dogdeer_720p_60fps_HLVC_1024.avi,0.836516485
Dogdeer_720p_60fps_HLVC_512.avi,0.596463799
Dogdeer_720p_60fps_HLVC_256.avi,0.326923077
Dogdeer_720p_60fps_vvc_qp32.mp4,0.976350653
Dogdeer_720p_60fps_vvc_qp37.mp4,0.634615385
Dogdeer_720p_60fps_vvc_qp42.mp4,0.268114405
Dogdeer_720p_60fps_vvc_qp47.mp4,0.057955237
Domevault_720p_30fps_avs_qp39.mp4,0.884615385
Domevault_720p_30fps_avs_qp45.mp4,0.141790784
Domevault_720p_30fps_avs_qp51.mp4,0.006530512
Domevault_720p_30fps_avs_qp57.mp4,3.68E-05
Domevault_720p_30fps_HLVC_2048.avi,0.984208402
Domevault_720p_30fps_HLVC_1024.avi,0.739016778
Domevault_720p_30fps_HLVC_512.avi,0.416666667
Domevault_720p_30fps_HLVC_256.avi,0.150439241
Domevault_720p_30fps_vvc_qp32.mp4,0.986040354
Domevault_720p_30fps_vvc_qp37.mp4,0.765595007
Domevault_720p_30fps_vvc_qp42.mp4,0.461538462
Domevault_720p_30fps_vvc_qp47.mp4,0.18770161
Eavesky_1080p_24fps_avs_qp39.mp4,0.997881947
Eavesky_1080p_24fps_avs_qp45.mp4,0.966781876
Eavesky_1080p_24fps_avs_qp51.mp4,0.916666667
Eavesky_1080p_24fps_avs_qp57.mp4,0.838153137
Eavesky_1080p_24fps_HLVC_512.avi,0.751179562
Eavesky_1080p_24fps_HLVC_256.avi,0.538461538
Eavesky_1080p_24fps_vvc_qp32.mp4,0.995796087
Eavesky_1080p_24fps_vvc_qp37.mp4,0.923076923
Eavesky_1080p_24fps_vvc_qp42.mp4,0.793182
Eavesky_1080p_24fps_vvc_qp47.mp4,0.605730497
Eiffel_1080p_30fps_avs_qp39.mp4,0.991741211
Eiffel_1080p_30fps_avs_qp45.mp4,0.876225051
Eiffel_1080p_30fps_avs_qp51.mp4,0.711538462
Eiffel_1080p_30fps_avs_qp57.mp4,0.501298374
Eiffel_1080p_30fps_HLVC_2048.avi,0.996058179
Eiffel_1080p_30fps_HLVC_1024.avi,0.927703969
Eiffel_1080p_30fps_HLVC_512.avi,0.804746009
Eiffel_1080p_30fps_HLVC_256.avi,0.625
Eiffel_1080p_30fps_vvc_qp32.mp4,0.993336396
Eiffel_1080p_30fps_vvc_qp37.mp4,0.880705316
Eiffel_1080p_30fps_vvc_qp42.mp4,0.692307692
Eiffel_1080p_30fps_vvc_qp47.mp4,0.45130012
Farmland_720p_60fps_avs_qp39.mp4,0.992385907
Farmland_720p_60fps_avs_qp45.mp4,0.885344625
Farmland_720p_60fps_avs_qp51.mp4,0.730769231
Farmland_720p_60fps_avs_qp57.mp4,0.529172211
Farmland_720p_60fps_HLVC_2048.avi,0.990144226
Farmland_720p_60fps_HLVC_1024.avi,0.828458435
Farmland_720p_60fps_HLVC_512.avi,0.579982986
Farmland_720p_60fps_HLVC_256.avi,0.307692308
Farmland_720p_60fps_vvc_qp32.mp4,0.980769231
Farmland_720p_60fps_vvc_qp37.mp4,0.691464389
Farmland_720p_60fps_vvc_qp42.mp4,0.343697039
Farmland_720p_60fps_vvc_qp47.mp4,0.099186616
Fence_720p_24fps_avs_qp39.mp4,0.969987443
Fence_720p_24fps_avs_qp45.mp4,0.615384615
Fence_720p_24fps_avs_qp51.mp4,0.286362924
Fence_720p_24fps_avs_qp57.mp4,0.079073674
Fence_720p_24fps_HLVC_2048.avi,0.990810448
Fence_720p_24fps_HLVC_1024.avi,0.839114017
Fence_720p_24fps_HLVC_512.avi,0.601841003
Fence_720p_24fps_HLVC_256.avi,0.333333333
Fence_720p_24fps_vvc_qp32.mp4,0.988807845
Fence_720p_24fps_vvc_qp37.mp4,0.80746957
Fence_720p_24fps_vvc_qp42.mp4,0.538461538
Fence_720p_24fps_vvc_qp47.mp4,0.262009178
Fish_720p_25fps_avs_qp39.mp4,0.994186346
Fish_720p_25fps_avs_qp45.mp4,0.911286177
Fish_720p_25fps_avs_qp51.mp4,0.787199993
Fish_720p_25fps_avs_qp57.mp4,0.615384615
Fish_720p_25fps_HLVC_2048.avi,0.997374703
Fish_720p_25fps_HLVC_1024.avi,0.951280561
Fish_720p_25fps_HLVC_512.avi,0.865384615
Fish_720p_25fps_HLVC_256.avi,0.731380668
Fish_720p_25fps_vvc_qp32.mp4,0.942307692
Fish_720p_25fps_vvc_qp37.mp4,0.323341902
Fish_720p_25fps_vvc_qp42.mp4,0.038071544
Fish_720p_25fps_vvc_qp47.mp4,0.000849055
Flowerbee_1080p_60fps_avs_qp39.mp4,0.990966629
Flowerbee_1080p_60fps_avs_qp45.mp4,0.865384615
Flowerbee_1080p_60fps_avs_qp51.mp4,0.689085599
Flowerbee_1080p_60fps_avs_qp57.mp4,0.469721794
Flowerbee_1080p_60fps_HLVC_2048.avi,0.992002642
Flowerbee_1080p_60fps_HLVC_1024.avi,0.858506823
Flowerbee_1080p_60fps_HLVC_512.avi,0.642992039
Flowerbee_1080p_60fps_HLVC_256.avi,0.384615385
Flowerbee_1080p_60fps_vvc_qp32.mp4,0.993077195
Flowerbee_1080p_60fps_vvc_qp37.mp4,0.876349148
Flowerbee_1080p_60fps_vvc_qp42.mp4,0.682441594
Flowerbee_1080p_60fps_vvc_qp47.mp4,0.4375
Foals_1080p_60fps_avs_qp39.mp4,0.985871082
Foals_1080p_60fps_avs_qp45.mp4,0.797144609
Foals_1080p_60fps_avs_qp51.mp4,0.557692308
Foals_1080p_60fps_avs_qp57.mp4,0.305780902
Foals_1080p_60fps_HLVC_2048.avi,0.991490889
Foals_1080p_60fps_HLVC_1024.avi,0.850130944
Foals_1080p_60fps_HLVC_512.avi,0.625
Foals_1080p_60fps_HLVC_256.avi,0.36170839
Foals_1080p_60fps_vvc_qp32.mp4,0.989607376
Foals_1080p_60fps_vvc_qp37.mp4,0.819965443
Foals_1080p_60fps_vvc_qp42.mp4,0.562938305
Foals_1080p_60fps_vvc_qp47.mp4,0.288461538
Football_1080p_30fps_avs_qp39.mp4,0.978147263
Football_1080p_30fps_avs_qp45.mp4,0.703254297
Football_1080p_30fps_avs_qp51.mp4,0.403846154
Football_1080p_30fps_avs_qp57.mp4,0.158845269
Football_1080p_30fps_HLVC_2048.avi,0.986772483
Football_1080p_30fps_HLVC_1024.avi,0.776468023
Football_1080p_30fps_HLVC_512.avi,0.480769231
Football_1080p_30fps_HLVC_256.avi,0.205034339
Football_1080p_30fps_vvc_qp32.mp4,0.987476405
Football_1080p_30fps_vvc_qp37.mp4,0.787059961
Football_1080p_30fps_vvc_qp42.mp4,0.5
Football_1080p_30fps_vvc_qp47.mp4,0.223192992
Forest_1080p_60fps_avs_qp39.mp4,0.980506273
Forest_1080p_60fps_avs_qp45.mp4,0.730769231
Forest_1080p_60fps_avs_qp51.mp4,0.445806527
Forest_1080p_60fps_avs_qp57.mp4,0.194126283
Forest_1080p_60fps_HLVC_2048.avi,0.991211432
Forest_1080p_60fps_HLVC_1024.avi,0.845589821
Forest_1080p_60fps_HLVC_512.avi,0.615384615
Forest_1080p_60fps_HLVC_256.avi,0.349775987
Forest_1080p_60fps_vvc_qp32.mp4,0.990049
Forest_1080p_60fps_vvc_qp37.mp4,0.826945897
Forest_1080p_60fps_vvc_qp42.mp4,0.576923077
Forest_1080p_60fps_vvc_qp47.mp4,0.304190766
Gallop_720p_30fps_avs_qp39.mp4,0.975764624
Gallop_720p_30fps_avs_qp45.mp4,0.676451608
Gallop_720p_30fps_avs_qp51.mp4,0.365384615
Gallop_720p_30fps_avs_qp57.mp4,0.129651698
Gallop_720p_30fps_HLVC_2048.avi,0.992827741
Gallop_720p_30fps_HLVC_1024.avi,0.872176075
Gallop_720p_30fps_HLVC_512.avi,0.673076923
Gallop_720p_30fps_HLVC_256.avi,0.42461422
Gallop_720p_30fps_vvc_qp32.mp4,0.982777104
Gallop_720p_30fps_vvc_qp37.mp4,0.718862073
Gallop_720p_30fps_vvc_qp42.mp4,0.384615385
Gallop_720p_30fps_vvc_qp47.mp4,0.12651691
Gingko_1080p_60fps_avs_qp39.mp4,0.997539515
Gingko_1080p_60fps_avs_qp45.mp4,0.961509522
Gingko_1080p_60fps_avs_qp51.mp4,0.903846154
Gingko_1080p_60fps_avs_qp57.mp4,0.814538368
Gingko_1080p_60fps_HLVC_2048.avi,0.998545737
Gingko_1080p_60fps_HLVC_1024.avi,0.972727676
Gingko_1080p_60fps_HLVC_512.avi,0.923076923
Gingko_1080p_60fps_HLVC_256.avi,0.840983437
Gingko_1080p_60fps_vvc_qp32.mp4,0.998004752
Gingko_1080p_60fps_vvc_qp37.mp4,0.962763413
Gingko_1080p_60fps_vvc_qp42.mp4,0.895970095
Gingko_1080p_60fps_vvc_qp47.mp4,0.788461538
Girlgroup_1080p_30fps_avs_qp39.mp4,0.981335242
Girlgroup_1080p_30fps_avs_qp45.mp4,0.740675377
Girlgroup_1080p_30fps_avs_qp51.mp4,0.461538462
Girlgroup_1080p_30fps_avs_qp57.mp4,0.208279019
Girlgroup_1080p_30fps_HLVC_2048.avi,0.99618598
Girlgroup_1080p_30fps_HLVC_1024.avi,0.929968158
Girlgroup_1080p_30fps_HLVC_512.avi,0.810444697
Girlgroup_1080p_30fps_HLVC_256.avi,0.634615385
Girlgroup_1080p_30fps_vvc_qp32.mp4,0.988154232
Girlgroup_1080p_30fps_vvc_qp37.mp4,0.797388492
Girlgroup_1080p_30fps_vvc_qp42.mp4,0.519230769
Girlgroup_1080p_30fps_vvc_qp47.mp4,0.242182889
Greenbuilding_720p_25fps_avs_qp39.mp4,0.983489366
Greenbuilding_720p_25fps_avs_qp45.mp4,0.767008745
Greenbuilding_720p_25fps_avs_qp51.mp4,0.504994467
Greenbuilding_720p_25fps_avs_qp57.mp4,0.25
Greenbuilding_720p_25fps_HLVC_2048.avi,0.990273237
Greenbuilding_720p_25fps_HLVC_1024.avi,0.830511789
Greenbuilding_720p_25fps_HLVC_512.avi,0.584153954
Greenbuilding_720p_25fps_HLVC_256.avi,0.3125
Greenbuilding_720p_25fps_vvc_qp32.mp4,0.987753447
Greenbuilding_720p_25fps_vvc_qp37.mp4,0.791266032
Greenbuilding_720p_25fps_vvc_qp42.mp4,0.507774
Greenbuilding_720p_25fps_vvc_qp47.mp4,0.230769231
Greentrain_1080p_60fps_avs_qp39.mp4,0.993966715
Greentrain_1080p_60fps_avs_qp45.mp4,0.908083909
Greentrain_1080p_60fps_avs_qp51.mp4,0.780094885
Greentrain_1080p_60fps_avs_qp57.mp4,0.604166667
Greentrain_1080p_60fps_HLVC_2048.avi,0.997797687
Greentrain_1080p_60fps_HLVC_1024.avi,0.958975173
Greentrain_1080p_60fps_HLVC_512.avi,0.885802917
Greentrain_1080p_60fps_HLVC_256.avi,0.769230769
Greentrain_1080p_60fps_vvc_qp32.mp4,0.996231856
Greentrain_1080p_60fps_vvc_qp37.mp4,0.930782208
Greentrain_1080p_60fps_vvc_qp42.mp4,0.8125
Greentrain_1080p_60fps_vvc_qp47.mp4,0.638102672
Happyfamily_720p_24fps_avs_qp39.mp4,0.966736523
Happyfamily_720p_24fps_avs_qp45.mp4,0.583333333
Happyfamily_720p_24fps_avs_qp51.mp4,0.249508295
Happyfamily_720p_24fps_avs_qp57.mp4,0.059789847
Happyfamily_720p_24fps_HLVC_2048.avi,0.992797481
Happyfamily_720p_24fps_HLVC_1024.avi,0.87167114
Happyfamily_720p_24fps_HLVC_512.avi,0.671949552
Happyfamily_720p_24fps_HLVC_256.avi,0.423076923
Happyfamily_720p_24fps_vvc_qp32.mp4,0.982777104
Happyfamily_720p_24fps_vvc_qp37.mp4,0.718862073
Happyfamily_720p_24fps_vvc_qp42.mp4,0.384615385
Happyfamily_720p_24fps_vvc_qp47.mp4,0.12651691
Horseruning_720p_24fps_avs_qp39.mp4,0.634615385
Horseruning_720p_24fps_avs_qp45.mp4,0.000713565
Horseruning_720p_24fps_avs_qp51.mp4,7.86E-09
Horseruning_720p_24fps_avs_qp57.mp4,3.59E-17
Horseruning_720p_24fps_HLVC_2048.avi,0.992304613
Horseruning_720p_24fps_HLVC_1024.avi,0.863485796
Horseruning_720p_24fps_HLVC_512.avi,0.653846154
Horseruning_720p_24fps_HLVC_256.avi,0.398801002
Horseruning_720p_24fps_vvc_qp32.mp4,0.645833333
Horseruning_720p_24fps_vvc_qp37.mp4,0.000246768
Horseruning_720p_24fps_vvc_qp42.mp4,3.60E-11
Horseruning_720p_24fps_vvc_qp47.mp4,2.54E-23
Horse_720p_24fps_avs_qp39.mp4,0.972054179
Horse_720p_24fps_avs_qp45.mp4,0.636611242
Horse_720p_24fps_avs_qp51.mp4,0.3125
Horse_720p_24fps_avs_qp57.mp4,0.094406544
Horse_720p_24fps_HLVC_2048.avi,0.98536844
Horse_720p_24fps_HLVC_1024.avi,0.755743326
Horse_720p_24fps_HLVC_512.avi,0.444555169
Horse_720p_24fps_HLVC_256.avi,0.173076923
Horse_720p_24fps_vvc_qp32.mp4,0.983627223
Horse_720p_24fps_vvc_qp37.mp4,0.730769231
Horse_720p_24fps_vvc_qp42.mp4,0.403347788
Horse_720p_24fps_vvc_qp47.mp4,0.140227831
Houseonsea_720p_30fps_avs_qp39.mp4,0.987052385
Houseonsea_720p_30fps_avs_qp45.mp4,0.8125
Houseonsea_720p_30fps_avs_qp51.mp4,0.585783454
Houseonsea_720p_30fps_avs_qp57.mp4,0.337844018
Houseonsea_720p_30fps_HLVC_2048.avi,0.990049
Houseonsea_720p_30fps_HLVC_1024.avi,0.826945897
Houseonsea_720p_30fps_HLVC_512.avi,0.576923077
Houseonsea_720p_30fps_HLVC_256.avi,0.304190766
Houseonsea_720p_30fps_vvc_qp32.mp4,0.98328965
Houseonsea_720p_30fps_vvc_qp37.mp4,0.726018844
Houseonsea_720p_30fps_vvc_qp42.mp4,0.395804514
Houseonsea_720p_30fps_vvc_qp47.mp4,0.134615385
House_720p_24fps_avs_qp39.mp4,0.957428418
House_720p_24fps_avs_qp45.mp4,0.5
House_720p_24fps_avs_qp51.mp4,0.167746663
House_720p_24fps_avs_qp57.mp4,0.026714568
House_720p_24fps_HLVC_2048.avi,0.987031477
House_720p_24fps_HLVC_1024.avi,0.780349317
House_720p_24fps_HLVC_512.avi,0.48775885
House_720p_24fps_HLVC_256.avi,0.211538462
House_720p_24fps_vvc_qp32.mp4,0.972030363
House_720p_24fps_vvc_qp37.mp4,0.583333333
House_720p_24fps_vvc_qp42.mp4,0.210082907
House_720p_24fps_vvc_qp47.mp4,0.034190064
Island_720p_60fps_avs_qp39.mp4,0.989402498
Island_720p_60fps_avs_qp45.mp4,0.843876338
Island_720p_60fps_avs_qp51.mp4,0.645833333
Island_720p_60fps_avs_qp57.mp4,0.411828255
Island_720p_60fps_HLVC_2048.avi,0.987753447
Island_720p_60fps_HLVC_1024.avi,0.791266032
Island_720p_60fps_HLVC_512.avi,0.507774
Island_720p_60fps_HLVC_256.avi,0.230769231
Island_720p_60fps_vvc_qp32.mp4,0.988418061
Island_720p_60fps_vvc_qp37.mp4,0.801443248
Island_720p_60fps_vvc_qp42.mp4,0.526910653
Island_720p_60fps_vvc_qp47.mp4,0.25
Kimono_1080p_24fps_avs_qp39.mp4,0.944532408
Kimono_1080p_24fps_avs_qp45.mp4,0.40284164
Kimono_1080p_24fps_avs_qp51.mp4,0.096153846
Kimono_1080p_24fps_avs_qp57.mp4,0.008636574
Kimono_1080p_24fps_HLVC_2048.avi,0.994192165
Kimono_1080p_24fps_HLVC_1024.avi,0.895233628
Kimono_1080p_24fps_HLVC_512.avi,0.725886115
Kimono_1080p_24fps_HLVC_256.avi,0.5
Kimono_1080p_24fps_vvc_qp32.mp4,0.711538462
Kimono_1080p_24fps_vvc_qp37.mp4,0.001555139
Kimono_1080p_24fps_vvc_qp42.mp4,7.43E-09
Kimono_1080p_24fps_vvc_qp47.mp4,2.58E-18
Kingkong_1080p_60fps_avs_qp39.mp4,0.982311914
Kingkong_1080p_60fps_avs_qp45.mp4,0.752508039
Kingkong_1080p_60fps_avs_qp51.mp4,0.480769231
Kingkong_1080p_60fps_avs_qp57.mp4,0.22626579
Kingkong_1080p_60fps_HLVC_2048.avi,0.994313366
Kingkong_1080p_60fps_HLVC_1024.avi,0.897309507
Kingkong_1080p_60fps_HLVC_512.avi,0.730769231
Kingkong_1080p_60fps_HLVC_256.avi,0.507306004
Kingkong_1080p_60fps_vvc_qp32.mp4,0.980832149
Kingkong_1080p_60fps_vvc_qp37.mp4,0.692307692
Kingkong_1080p_60fps_vvc_qp42.mp4,0.344911826
Kingkong_1080p_60fps_vvc_qp47.mp4,0.099946687
Knot_720p_24fps_avs_qp39.mp4,0.980395448
Knot_720p_24fps_avs_qp45.mp4,0.729454328
Knot_720p_24fps_avs_qp51.mp4,0.443743381
Knot_720p_24fps_avs_qp57.mp4,0.192307692
Knot_720p_24fps_HLVC_2048.avi,0.992827741
Knot_720p_24fps_HLVC_1024.avi,0.872176075
Knot_720p_24fps_HLVC_512.avi,0.673076923
Knot_720p_24fps_HLVC_256.avi,0.42461422
Knot_720p_24fps_vvc_qp32.mp4,0.981860988
Knot_720p_24fps_vvc_qp37.mp4,0.706236385
Knot_720p_24fps_vvc_qp42.mp4,0.365384615
Knot_720p_24fps_vvc_qp47.mp4,0.113227145
Kyoto_720p_60fps_avs_qp39.mp4,0.916666667
Kyoto_720p_60fps_avs_qp45.mp4,0.249989096
Kyoto_720p_60fps_avs_qp51.mp4,0.028135782
Kyoto_720p_60fps_avs_qp57.mp4,0.000713505
Kyoto_720p_60fps_HLVC_2048.avi,0.988807845
Kyoto_720p_60fps_HLVC_1024.avi,0.80746957
Kyoto_720p_60fps_HLVC_512.avi,0.538461538
Kyoto_720p_60fps_HLVC_256.avi,0.262009178
Kyoto_720p_60fps_vvc_qp32.mp4,0.988418061
Kyoto_720p_60fps_vvc_qp37.mp4,0.801443248
Kyoto_720p_60fps_vvc_qp42.mp4,0.526910653
Kyoto_720p_60fps_vvc_qp47.mp4,0.25
Lakeboat_720p_50fps_avs_qp39.mp4,0.983489366
Lakeboat_720p_50fps_avs_qp45.mp4,0.767008745
Lakeboat_720p_50fps_avs_qp51.mp4,0.504994467
Lakeboat_720p_50fps_avs_qp57.mp4,0.25
Lakeboat_720p_50fps_HLVC_2048.avi,0.988418061
Lakeboat_720p_50fps_HLVC_1024.avi,0.801443248
Lakeboat_720p_50fps_HLVC_512.avi,0.526910653
Lakeboat_720p_50fps_HLVC_256.avi,0.25
Lakeboat_720p_50fps_vvc_qp32.mp4,0.987568878
Lakeboat_720p_50fps_vvc_qp37.mp4,0.788461538
Lakeboat_720p_50fps_vvc_qp42.mp4,0.502581789
Lakeboat_720p_50fps_vvc_qp47.mp4,0.225694021
Lambs_1080p_60fps_avs_qp39.mp4,0.988238823
Lambs_1080p_60fps_avs_qp45.mp4,0.828200852
Lambs_1080p_60fps_avs_qp51.mp4,0.615384615
Lambs_1080p_60fps_avs_qp57.mp4,0.373386178
Lambs_1080p_60fps_HLVC_2048.avi,0.996856267
Lambs_1080p_60fps_HLVC_1024.avi,0.941929353
Lambs_1080p_60fps_HLVC_512.avi,0.840988204
Lambs_1080p_60fps_HLVC_256.avi,0.6875
Lambs_1080p_60fps_vvc_qp32.mp4,0.990450022
Lambs_1080p_60fps_vvc_qp37.mp4,0.833333333
Lambs_1080p_60fps_vvc_qp42.mp4,0.589917296
Lambs_1080p_60fps_vvc_qp47.mp4,0.319209165
Leopard_1080p_24fps_avs_qp39.mp4,0.708333333
Leopard_1080p_24fps_avs_qp45.mp4,0.004110187
Leopard_1080p_24fps_avs_qp51.mp4,7.15E-07
Leopard_1080p_24fps_avs_qp57.mp4,3.38E-13
Leopard_1080p_24fps_HLVC_2048.avi,0.9952411
Leopard_1080p_24fps_HLVC_1024.avi,0.913351089
Leopard_1080p_24fps_HLVC_512.avi,0.769230769
Leopard_1080p_24fps_HLVC_256.avi,0.566849828
Leopard_1080p_24fps_vvc_qp32.mp4,0.977251487
Leopard_1080p_24fps_vvc_qp37.mp4,0.645833333
Leopard_1080p_24fps_vvc_qp42.mp4,0.282064668
Leopard_1080p_24fps_vvc_qp47.mp4,0.06467768
Lions_1080p_60fps_avs_qp39.mp4,0.983489366
Lions_1080p_60fps_avs_qp45.mp4,0.767008745
Lions_1080p_60fps_avs_qp51.mp4,0.504994467
Lions_1080p_60fps_avs_qp57.mp4,0.25
Lions_1080p_60fps_HLVC_2048.avi,0.994273677
Lions_1080p_60fps_HLVC_1024.avi,0.896629239
Lions_1080p_60fps_HLVC_512.avi,0.729166667
Lions_1080p_60fps_HLVC_256.avi,0.504902001
Lions_1080p_60fps_vvc_qp32.mp4,0.991211432
Lions_1080p_60fps_vvc_qp37.mp4,0.845589821
Lions_1080p_60fps_vvc_qp42.mp4,0.615384615
Lions_1080p_60fps_vvc_qp47.mp4,0.349775987
Lobster_720p_25fps_avs_qp39.mp4,0.991710324
Lobster_720p_25fps_avs_qp45.mp4,0.875790354
Lobster_720p_25fps_avs_qp51.mp4,0.710629627
Lobster_720p_25fps_avs_qp57.mp4,0.5
Lobster_720p_25fps_HLVC_2048.avi,0.994507519
Lobster_720p_25fps_HLVC_1024.avi,0.900644382
Lobster_720p_25fps_HLVC_512.avi,0.738658827
Lobster_720p_25fps_HLVC_256.avi,0.519230769
Lobster_720p_25fps_vvc_qp32.mp4,0.923076923
Lobster_720p_25fps_vvc_qp37.mp4,0.218534486
Lobster_720p_25fps_vvc_qp42.mp4,0.012248535
Lobster_720p_25fps_vvc_qp47.mp4,7.30E-05
Logladder_720p_50fps_avs_qp39.mp4,0.986662952
Logladder_720p_50fps_avs_qp45.mp4,0.807407513
Logladder_720p_50fps_avs_qp51.mp4,0.576373612
Logladder_720p_50fps_avs_qp57.mp4,0.326923077
Logladder_720p_50fps_HLVC_2048.avi,0.991766155
Logladder_720p_50fps_HLVC_1024.avi,0.854626564
Logladder_720p_50fps_HLVC_512.avi,0.634615385
Logladder_720p_50fps_HLVC_256.avi,0.373856336
Logladder_720p_50fps_vvc_qp32.mp4,0.994693282
Logladder_720p_50fps_vvc_qp37.mp4,0.903846154
Logladder_720p_50fps_vvc_qp42.mp4,0.746285792
Logladder_720p_50fps_vvc_qp47.mp4,0.530900349
Messing_720p_24fps_avs_qp39.mp4,0.964532406
Messing_720p_24fps_avs_qp45.mp4,0.5625
Messing_720p_24fps_avs_qp51.mp4,0.227198039
Messing_720p_24fps_avs_qp57.mp4,0.049440514
Messing_720p_24fps_HLVC_2048.avi,0.994783073
Messing_720p_24fps_HLVC_1024.avi,0.905397614
Messing_720p_24fps_HLVC_512.avi,0.75
Messing_720p_24fps_HLVC_256.avi,0.536633779
Messing_720p_24fps_vvc_qp32.mp4,0.983951261
Messing_720p_24fps_vvc_qp37.mp4,0.735356854
Messing_720p_24fps_vvc_qp42.mp4,0.410721333
Messing_720p_24fps_vvc_qp47.mp4,0.145833333
Mimose_1080p_50fps_avs_qp39.mp4,0.998781996
Mimose_1080p_50fps_avs_qp45.mp4,0.980769231
Mimose_1080p_50fps_avs_qp51.mp4,0.951216035
Mimose_1080p_50fps_avs_qp57.mp4,0.903496202
Mimose_1080p_50fps_HLVC_2048.avi,0.99928715
Mimose_1080p_50fps_HLVC_1024.avi,0.986542401
Mimose_1080p_50fps_HLVC_512.avi,0.961538462
Mimose_1080p_50fps_HLVC_256.avi,0.918641473
Mimose_1080p_50fps_vvc_qp32.mp4,0.996877337
Mimose_1080p_50fps_vvc_qp37.mp4,0.942307692
Mimose_1080p_50fps_vvc_qp42.mp4,0.841966404
Mimose_1080p_50fps_vvc_qp47.mp4,0.689231364
Monkeys_1080p_30fps_avs_qp39.mp4,0.75
Monkeys_1080p_30fps_avs_qp45.mp4,0.010218135
Monkeys_1080p_30fps_avs_qp51.mp4,7.46E-06
Monkeys_1080p_30fps_avs_qp57.mp4,3.95E-11
Monkeys_1080p_30fps_HLVC_2048.avi,0.988418061
Monkeys_1080p_30fps_HLVC_1024.avi,0.801443248
Monkeys_1080p_30fps_HLVC_512.avi,0.526910653
Monkeys_1080p_30fps_HLVC_256.avi,0.25
Monkeys_1080p_30fps_vvc_qp32.mp4,0.981860988
Monkeys_1080p_30fps_vvc_qp37.mp4,0.706236385
Monkeys_1080p_30fps_vvc_qp42.mp4,0.365384615
Monkeys_1080p_30fps_vvc_qp47.mp4,0.113227145
Mountainrailway_720p_24fps_avs_qp39.mp4,0.973123538
Mountainrailway_720p_24fps_avs_qp45.mp4,0.647861729
Mountainrailway_720p_24fps_avs_qp51.mp4,0.326923077
Mountainrailway_720p_24fps_avs_qp57.mp4,0.103457831
Mountainrailway_720p_24fps_HLVC_2048.avi,0.984393631
Mountainrailway_720p_24fps_HLVC_1024.avi,0.74166385
Mountainrailway_720p_24fps_HLVC_512.avi,0.421001597
Mountainrailway_720p_24fps_HLVC_256.avi,0.153846154
Mountainrailway_720p_24fps_vvc_qp32.mp4,0.979378969
Mountainrailway_720p_24fps_vvc_qp37.mp4,0.673076923
Mountainrailway_720p_24fps_vvc_qp42.mp4,0.317901483
Mountainrailway_720p_24fps_vvc_qp47.mp4,0.083780331
Mountainroad_1080p_60fps_avs_qp39.mp4,0.988622091
Mountainroad_1080p_60fps_avs_qp45.mp4,0.833333333
Mountainroad_1080p_60fps_avs_qp51.mp4,0.625255177
Mountainroad_1080p_60fps_avs_qp57.mp4,0.385638722
Mountainroad_1080p_60fps_HLVC_2048.avi,0.99087993
Mountainroad_1080p_60fps_HLVC_1024.avi,0.840232756
Mountainroad_1080p_60fps_HLVC_512.avi,0.604166667
Mountainroad_1080p_60fps_HLVC_256.avi,0.336126544
Mountainroad_1080p_60fps_vvc_qp32.mp4,0.987476405
Mountainroad_1080p_60fps_vvc_qp37.mp4,0.787059961
Mountainroad_1080p_60fps_vvc_qp42.mp4,0.5
Mountainroad_1080p_60fps_vvc_qp47.mp4,0.223192992
Mountaintrail_720p_24fps_avs_qp39.mp4,0.653846154
Mountaintrail_720p_24fps_avs_qp45.mp4,0.001148161
Mountaintrail_720p_24fps_avs_qp51.mp4,2.68E-08
Mountaintrail_720p_24fps_avs_qp57.mp4,4.31E-16
Mountaintrail_720p_24fps_HLVC_2048.avi,0.98536844
Mountaintrail_720p_24fps_HLVC_1024.avi,0.755743326
Mountaintrail_720p_24fps_HLVC_512.avi,0.444555169
Mountaintrail_720p_24fps_HLVC_256.avi,0.173076923
Mountaintrail_720p_24fps_vvc_qp32.mp4,0.968246422
Mountaintrail_720p_24fps_vvc_qp37.mp4,0.541666667
Mountaintrail_720p_24fps_vvc_qp42.mp4,0.1695214
Mountaintrail_720p_24fps_vvc_qp47.mp4,0.021494244
Mountain_720p_24fps_avs_qp39.mp4,0.983667947
Mountain_720p_24fps_avs_qp45.mp4,0.769230769
Mountain_720p_24fps_avs_qp51.mp4,0.50877116
Mountain_720p_24fps_avs_qp57.mp4,0.25380834
Mountain_720p_24fps_HLVC_2048.avi,0.988154232
Mountain_720p_24fps_HLVC_1024.avi,0.797388492
Mountain_720p_24fps_HLVC_512.avi,0.519230769
Mountain_720p_24fps_HLVC_256.avi,0.242182889
Mountain_720p_24fps_vvc_qp32.mp4,0.990247927
Mountain_720p_24fps_vvc_qp37.mp4,0.83010856
Mountain_720p_24fps_vvc_qp42.mp4,0.583333333
Mountain_720p_24fps_vvc_qp47.mp4,0.311550938
Naturalscene_1080p_30fps_avs_qp39.mp4,0.980769231
Naturalscene_1080p_30fps_avs_qp45.mp4,0.73389804
Naturalscene_1080p_30fps_avs_qp51.mp4,0.45073934
Naturalscene_1080p_30fps_avs_qp57.mp4,0.198509582
Naturalscene_1080p_30fps_HLVC_2048.avi,0.992797481
Naturalscene_1080p_30fps_HLVC_1024.avi,0.87167114
Naturalscene_1080p_30fps_HLVC_512.avi,0.671949552
Naturalscene_1080p_30fps_HLVC_256.avi,0.423076923
Naturalscene_1080p_30fps_vvc_qp32.mp4,0.997937881
Naturalscene_1080p_30fps_vvc_qp37.mp4,0.961538462
Naturalscene_1080p_30fps_vvc_qp42.mp4,0.892674165
Naturalscene_1080p_30fps_vvc_qp47.mp4,0.782199453
Night_1080p_30fps_avs_qp39.mp4,0.994809131
Night_1080p_30fps_avs_qp45.mp4,0.920424172
Night_1080p_30fps_avs_qp51.mp4,0.807692308
Night_1080p_30fps_avs_qp57.mp4,0.6483255
Night_1080p_30fps_HLVC_2048.avi,0.996550625
Night_1080p_30fps_HLVC_1024.avi,0.936457232
Night_1080p_30fps_HLVC_512.avi,0.826923077
Night_1080p_30fps_HLVC_256.avi,0.662864125
Night_1080p_30fps_vvc_qp32.mp4,0.961538462
Night_1080p_30fps_vvc_qp37.mp4,0.474642428
Night_1080p_30fps_vvc_qp42.mp4,0.115655516
Night_1080p_30fps_vvc_qp47.mp4,0.00939794
Oldman_720p_24fps_avs_qp39.mp4,0.95969898
Oldman_720p_24fps_avs_qp45.mp4,0.519230769
Oldman_720p_24fps_avs_qp51.mp4,0.184871415
Oldman_720p_24fps_avs_qp57.mp4,0.032539302
Oldman_720p_24fps_HLVC_2048.avi,0.991211432
Oldman_720p_24fps_HLVC_1024.avi,0.845589821
Oldman_720p_24fps_HLVC_512.avi,0.615384615
Oldman_720p_24fps_HLVC_256.avi,0.349775987
Oldman_720p_24fps_vvc_qp32.mp4,0.983951261
Oldman_720p_24fps_vvc_qp37.mp4,0.735356854
Oldman_720p_24fps_vvc_qp42.mp4,0.410721333
Oldman_720p_24fps_vvc_qp47.mp4,0.145833333
Oldtemple_1080p_24fps_avs_qp39.mp4,0.995937489
Oldtemple_1080p_24fps_avs_qp45.mp4,0.937199458
Oldtemple_1080p_24fps_avs_qp51.mp4,0.846153846
Oldtemple_1080p_24fps_avs_qp57.mp4,0.712504673
Oldtemple_1080p_24fps_HLVC_2048.avi,0.993210545
Oldtemple_1080p_24fps_HLVC_1024.avi,0.878587693
Oldtemple_1080p_24fps_HLVC_512.avi,0.6875
Oldtemple_1080p_24fps_HLVC_256.avi,0.444546609
Oldtemple_1080p_24fps_vvc_qp32.mp4,0.997138122
Oldtemple_1080p_24fps_vvc_qp37.mp4,0.947002415
Oldtemple_1080p_24fps_vvc_qp42.mp4,0.854166667
Oldtemple_1080p_24fps_vvc_qp47.mp4,0.711022137
Oldtree_720p_24fps_avs_qp39.mp4,0.987795887
Oldtree_720p_24fps_avs_qp45.mp4,0.822306238
Oldtree_720p_24fps_avs_qp51.mp4,0.604166667
Oldtree_720p_24fps_avs_qp57.mp4,0.359704619
Oldtree_720p_24fps_HLVC_2048.avi,0.991211432
Oldtree_720p_24fps_HLVC_1024.avi,0.845589821
Oldtree_720p_24fps_HLVC_512.avi,0.615384615
Oldtree_720p_24fps_HLVC_256.avi,0.349775987
Oldtree_720p_24fps_vvc_qp32.mp4,0.988154232
Oldtree_720p_24fps_vvc_qp37.mp4,0.797388492
Oldtree_720p_24fps_vvc_qp42.mp4,0.519230769
Oldtree_720p_24fps_vvc_qp47.mp4,0.242182889
Oldwoman_720p_30fps_avs_qp39.mp4,0.953656483
Oldwoman_720p_30fps_avs_qp45.mp4,0.469521593
Oldwoman_720p_30fps_avs_qp51.mp4,0.142659806
Oldwoman_720p_30fps_avs_qp57.mp4,0.019230769
Oldwoman_720p_30fps_HLVC_2048.avi,0.982016737
Oldwoman_720p_30fps_HLVC_1024.avi,0.70836796
Oldwoman_720p_30fps_HLVC_512.avi,0.368586095
Oldwoman_720p_30fps_HLVC_256.avi,0.115384615
Oldwoman_720p_30fps_vvc_qp32.mp4,0.955735813
Oldwoman_720p_30fps_vvc_qp37.mp4,0.423076923
Oldwoman_720p_30fps_vvc_qp42.mp4,0.082905299
Oldwoman_720p_30fps_vvc_qp47.mp4,0.004573043
Operahouse_720p_24fps_avs_qp39.mp4,0.988238823
Operahouse_720p_24fps_avs_qp45.mp4,0.828200852
Operahouse_720p_24fps_avs_qp51.mp4,0.615384615
Operahouse_720p_24fps_avs_qp57.mp4,0.373386178
Operahouse_720p_24fps_HLVC_2048.avi,0.990648784
Operahouse_720p_24fps_HLVC_1024.avi,0.836516485
Operahouse_720p_24fps_HLVC_512.avi,0.596463799
Operahouse_720p_24fps_HLVC_256.avi,0.326923077
Operahouse_720p_24fps_vvc_qp32.mp4,0.990450022
Operahouse_720p_24fps_vvc_qp37.mp4,0.833333333
Operahouse_720p_24fps_vvc_qp42.mp4,0.589917296
Operahouse_720p_24fps_vvc_qp47.mp4,0.319209165
Owl_720p_60fps_avs_qp39.mp4,0.987795887
Owl_720p_60fps_avs_qp45.mp4,0.822306238
Owl_720p_60fps_avs_qp51.mp4,0.604166667
Owl_720p_60fps_avs_qp57.mp4,0.359704619
Owl_720p_60fps_HLVC_2048.avi,0.991211432
Owl_720p_60fps_HLVC_1024.avi,0.845589821
Owl_720p_60fps_HLVC_512.avi,0.615384615
Owl_720p_60fps_HLVC_256.avi,0.349775987
Owl_720p_60fps_vvc_qp32.mp4,0.989593361
Owl_720p_60fps_vvc_qp37.mp4,0.819744839
Owl_720p_60fps_vvc_qp42.mp4,0.5625
Owl_720p_60fps_vvc_qp47.mp4,0.287975813
Parkingapron_720p_24fps_avs_qp39.mp4,0.995379711
Parkingapron_720p_24fps_avs_qp45.mp4,0.928871485
Parkingapron_720p_24fps_avs_qp51.mp4,0.826923077
Parkingapron_720p_24fps_avs_qp57.mp4,0.680031096
Parkingapron_720p_24fps_HLVC_2048.avi,0.994313366
Parkingapron_720p_24fps_HLVC_1024.avi,0.897309507
Parkingapron_720p_24fps_HLVC_512.avi,0.730769231
Parkingapron_720p_24fps_HLVC_256.avi,0.507306004
Parkingapron_720p_24fps_vvc_qp32.mp4,0.942307692
Parkingapron_720p_24fps_vvc_qp37.mp4,0.323341902
Parkingapron_720p_24fps_vvc_qp42.mp4,0.038071544
Parkingapron_720p_24fps_vvc_qp47.mp4,0.000849055
Parkscene_1080p_24fps_avs_qp39.mp4,0.962250409
Parkscene_1080p_24fps_avs_qp45.mp4,0.541666667
Parkscene_1080p_24fps_avs_qp51.mp4,0.206152545
Parkscene_1080p_24fps_avs_qp57.mp4,0.04059036
Parkscene_1080p_24fps_HLVC_2048.avi,0.989033796
Parkscene_1080p_24fps_HLVC_1024.avi,0.810982542
Parkscene_1080p_24fps_HLVC_512.avi,0.545270814
Parkscene_1080p_24fps_HLVC_256.avi,0.269230769
Parkscene_1080p_24fps_vvc_qp32.mp4,0.769230769
Parkscene_1080p_24fps_vvc_qp37.mp4,0.006840318
Parkscene_1080p_24fps_vvc_qp42.mp4,5.41E-07
Parkscene_1080p_24fps_vvc_qp47.mp4,2.76E-14
Parrot_1080p_30fps_avs_qp39.mp4,0.985028417
Parrot_1080p_30fps_avs_qp45.mp4,0.786357729
Parrot_1080p_30fps_avs_qp51.mp4,0.538461538
Parrot_1080p_30fps_avs_qp57.mp4,0.284765254
Parrot_1080p_30fps_HLVC_2048.avi,0.995688021
Parrot_1080p_30fps_HLVC_1024.avi,0.921175458
Parrot_1080p_30fps_HLVC_512.avi,0.788461538
Parrot_1080p_30fps_HLVC_256.avi,0.59795784
Parrot_1080p_30fps_vvc_qp32.mp4,0.987476405
Parrot_1080p_30fps_vvc_qp37.mp4,0.787059961
Parrot_1080p_30fps_vvc_qp42.mp4,0.5
Parrot_1080p_30fps_vvc_qp47.mp4,0.223192992
Passage_1080p_24fps_avs_qp39.mp4,0.996277327
Passage_1080p_24fps_avs_qp45.mp4,0.942307692
Passage_1080p_24fps_avs_qp51.mp4,0.858083745
Passage_1080p_24fps_avs_qp57.mp4,0.733036022
Passage_1080p_24fps_HLVC_2048.avi,0.992409448
Passage_1080p_24fps_HLVC_1024.avi,0.865220731
Passage_1080p_24fps_HLVC_512.avi,0.657656276
Passage_1080p_24fps_HLVC_256.avi,0.403846154
Passage_1080p_24fps_vvc_qp32.mp4,0.999582096
Passage_1080p_24fps_vvc_qp37.mp4,0.992089619
Passage_1080p_24fps_vvc_qp42.mp4,0.977272727
Passage_1080p_24fps_vvc_qp47.mp4,0.951475865
Peacock_1080p_30fps_avs_qp39.mp4,0.993627084
Peacock_1080p_30fps_avs_qp45.mp4,0.903152771
Peacock_1080p_30fps_avs_qp51.mp4,0.769230769
Peacock_1080p_30fps_avs_qp57.mp4,0.58721613
Peacock_1080p_30fps_HLVC_2048.avi,0.997374703
Peacock_1080p_30fps_HLVC_1024.avi,0.951280561
Peacock_1080p_30fps_HLVC_512.avi,0.865384615
Peacock_1080p_30fps_HLVC_256.avi,0.731380668
Peacock_1080p_30fps_vvc_qp32.mp4,0.895833333
Peacock_1080p_30fps_vvc_qp37.mp4,0.123685031
Peacock_1080p_30fps_vvc_qp42.mp4,0.002357746
Peacock_1080p_30fps_vvc_qp47.mp4,2.07E-06
Pedestrian_720p_30fps_avs_qp39.mp4,0.769230769
Pedestrian_720p_30fps_avs_qp45.mp4,0.015295345
Pedestrian_720p_30fps_avs_qp51.mp4,2.11E-05
Pedestrian_720p_30fps_avs_qp57.mp4,3.25E-10
Pedestrian_720p_30fps_HLVC_2048.avi,0.996231856
Pedestrian_720p_30fps_HLVC_1024.avi,0.930782208
Pedestrian_720p_30fps_HLVC_512.avi,0.8125
Pedestrian_720p_30fps_HLVC_256.avi,0.638102672
Pedestrian_720p_30fps_vvc_qp32.mp4,0.979378969
Pedestrian_720p_30fps_vvc_qp37.mp4,0.673076923
Pedestrian_720p_30fps_vvc_qp42.mp4,0.317901483
Pedestrian_720p_30fps_vvc_qp47.mp4,0.083780331
Petunia_1080p_30fps_avs_qp39.mp4,0.977669697
Petunia_1080p_30fps_avs_qp45.mp4,0.697803599
Petunia_1080p_30fps_avs_qp51.mp4,0.395833333
Petunia_1080p_30fps_avs_qp57.mp4,0.152515459
Petunia_1080p_30fps_HLVC_2048.avi,0.98943893
Petunia_1080p_30fps_HLVC_1024.avi,0.817317656
Petunia_1080p_30fps_HLVC_512.avi,0.557692308
Petunia_1080p_30fps_HLVC_256.avi,0.282676856
Petunia_1080p_30fps_vvc_qp32.mp4,0.994273677
Petunia_1080p_30fps_vvc_qp37.mp4,0.896629239
Petunia_1080p_30fps_vvc_qp42.mp4,0.729166667
Petunia_1080p_30fps_vvc_qp47.mp4,0.504902001
Poppip_720p_24fps_avs_qp39.mp4,0.943492562
Poppip_720p_24fps_avs_qp45.mp4,0.395833333
Poppip_720p_24fps_avs_qp51.mp4,0.09190415
Poppip_720p_24fps_avs_qp57.mp4,0.007879656
Poppip_720p_24fps_HLVC_2048.avi,0.987031477
Poppip_720p_24fps_HLVC_1024.avi,0.780349317
Poppip_720p_24fps_HLVC_512.avi,0.48775885
Poppip_720p_24fps_HLVC_256.avi,0.211538462
Poppip_720p_24fps_vvc_qp32.mp4,0.973143207
Poppip_720p_24fps_vvc_qp37.mp4,0.596153846
Poppip_720p_24fps_vvc_qp42.mp4,0.223728618
Poppip_720p_24fps_vvc_qp47.mp4,0.039177244
Rail_1080p_30fps_avs_qp39.mp4,0.993014259
Rail_1080p_30fps_avs_qp45.mp4,0.894318541
Rail_1080p_30fps_avs_qp51.mp4,0.75
Rail_1080p_30fps_avs_qp57.mp4,0.55781127
Rail_1080p_30fps_HLVC_2048.avi,0.992655014
Rail_1080p_30fps_HLVC_1024.avi,0.869297587
Rail_1080p_30fps_HLVC_512.avi,0.666666667
Rail_1080p_30fps_HLVC_256.avi,0.415913052
Rail_1080p_30fps_vvc_qp32.mp4,0.99548086
Rail_1080p_30fps_vvc_qp37.mp4,0.917540769
Rail_1080p_30fps_vvc_qp42.mp4,0.779489524
Rail_1080p_30fps_vvc_qp47.mp4,0.583333333
Rainforest_720p_30fps_avs_qp39.mp4,0.957428418
Rainforest_720p_30fps_avs_qp45.mp4,0.5
Rainforest_720p_30fps_avs_qp51.mp4,0.167746663
Rainforest_720p_30fps_avs_qp57.mp4,0.026714568
Rainforest_720p_30fps_HLVC_2048.avi,0.973691584
Rainforest_720p_30fps_HLVC_1024.avi,0.602569176
Rainforest_720p_30fps_HLVC_512.avi,0.230769231
Rainforest_720p_30fps_HLVC_256.avi,0.041893684
Rainforest_720p_30fps_vvc_qp32.mp4,0.94360431
Rainforest_720p_30fps_vvc_qp37.mp4,0.33190088
Rainforest_720p_30fps_vvc_qp42.mp4,0.041062499
Rainforest_720p_30fps_vvc_qp47.mp4,0.001
Reader_1080p_60fps_avs_qp39.mp4,0.984435208
Reader_1080p_60fps_avs_qp45.mp4,0.778846342
Reader_1080p_60fps_avs_qp51.mp4,0.52531335
Reader_1080p_60fps_avs_qp57.mp4,0.270833333
Reader_1080p_60fps_HLVC_2048.avi,0.994313366
Reader_1080p_60fps_HLVC_1024.avi,0.897309507
Reader_1080p_60fps_HLVC_512.avi,0.730769231
Reader_1080p_60fps_HLVC_256.avi,0.507306004
Reader_1080p_60fps_vvc_qp32.mp4,0.993568021
Reader_1080p_60fps_vvc_qp37.mp4,0.884615385
Reader_1080p_60fps_vvc_qp42.mp4,0.701242542
Reader_1080p_60fps_vvc_qp47.mp4,0.463996765
Redflower_1080p_30fps_avs_qp39.mp4,0.988612257
Redflower_1080p_30fps_avs_qp45.mp4,0.833201273
Redflower_1080p_30fps_avs_qp51.mp4,0.625
Redflower_1080p_30fps_avs_qp57.mp4,0.385319439
Redflower_1080p_30fps_HLVC_2048.avi,0.991124729
Redflower_1080p_30fps_HLVC_1024.avi,0.844185587
Redflower_1080p_30fps_HLVC_512.avi,0.612431014
Redflower_1080p_30fps_HLVC_256.avi,0.346153846
Redflower_1080p_30fps_vvc_qp32.mp4,0.987568878
Redflower_1080p_30fps_vvc_qp37.mp4,0.788461538
Redflower_1080p_30fps_vvc_qp42.mp4,0.502581789
Redflower_1080p_30fps_vvc_qp47.mp4,0.225694021
Relater_720p_30fps_avs_qp39.mp4,0.966782904
Relater_720p_30fps_avs_qp45.mp4,0.583779389
Relater_720p_30fps_avs_qp51.mp4,0.25
Relater_720p_30fps_avs_qp57.mp4,0.060029173
Relater_720p_30fps_HLVC_2048.avi,0.990648784
Relater_720p_30fps_HLVC_1024.avi,0.836516485
Relater_720p_30fps_HLVC_512.avi,0.596463799
Relater_720p_30fps_HLVC_256.avi,0.326923077
Relater_720p_30fps_vvc_qp32.mp4,0.973691584
Relater_720p_30fps_vvc_qp37.mp4,0.602569176
Relater_720p_30fps_vvc_qp42.mp4,0.230769231
Relater_720p_30fps_vvc_qp47.mp4,0.041893684
Riverbridge_720p_24fps_avs_qp39.mp4,0.975764624
Riverbridge_720p_24fps_avs_qp45.mp4,0.676451608
Riverbridge_720p_24fps_avs_qp51.mp4,0.365384615
Riverbridge_720p_24fps_avs_qp57.mp4,0.129651698
Riverbridge_720p_24fps_HLVC_2048.avi,0.988418061
Riverbridge_720p_24fps_HLVC_1024.avi,0.801443248
Riverbridge_720p_24fps_HLVC_512.avi,0.526910653
Riverbridge_720p_24fps_HLVC_256.avi,0.25
Riverbridge_720p_24fps_vvc_qp32.mp4,0.983649306
Riverbridge_720p_24fps_vvc_qp37.mp4,0.731081022
Riverbridge_720p_24fps_vvc_qp42.mp4,0.403846154
Riverbridge_720p_24fps_vvc_qp47.mp4,0.140602976
Rolloer_720p_30fps_avs_qp39.mp4,0.955074484
Rolloer_720p_30fps_avs_qp45.mp4,0.480769231
Rolloer_720p_30fps_avs_qp51.mp4,0.15162893
Rolloer_720p_30fps_avs_qp57.mp4,0.021763464
Rolloer_720p_30fps_HLVC_2048.avi,0.994507519
Rolloer_720p_30fps_HLVC_1024.avi,0.900644382
Rolloer_720p_30fps_HLVC_512.avi,0.738658827
Rolloer_720p_30fps_HLVC_256.avi,0.519230769
Rolloer_720p_30fps_vvc_qp32.mp4,0.984481647
Rolloer_720p_30fps_vvc_qp37.mp4,0.74292481
Rolloer_720p_30fps_vvc_qp42.mp4,0.423076923
Rolloer_720p_30fps_vvc_qp47.mp4,0.155491729
Seabed_720p_25fps_avs_qp39.mp4,0.990155439
Seabed_720p_25fps_avs_qp45.mp4,0.854166667
Seabed_720p_25fps_avs_qp51.mp4,0.666312801
Seabed_720p_25fps_avs_qp57.mp4,0.43875898
Seabed_720p_25fps_HLVC_2048.avi,0.995388428
Seabed_720p_25fps_HLVC_1024.avi,0.915923416
Seabed_720p_25fps_HLVC_512.avi,0.775518767
Seabed_720p_25fps_HLVC_256.avi,0.576923077
Seabed_720p_25fps_vvc_qp32.mp4,0.994507519
Seabed_720p_25fps_vvc_qp37.mp4,0.900644382
Seabed_720p_25fps_vvc_qp42.mp4,0.738658827
Seabed_720p_25fps_vvc_qp47.mp4,0.519230769
Sea_720p_30fps_avs_qp39.mp4,0.957428418
Sea_720p_30fps_avs_qp45.mp4,0.5
Sea_720p_30fps_avs_qp51.mp4,0.167746663
Sea_720p_30fps_avs_qp57.mp4,0.026714568
Sea_720p_30fps_HLVC_2048.avi,0.98328965
Sea_720p_30fps_HLVC_1024.avi,0.726018844
Sea_720p_30fps_HLVC_512.avi,0.395804514
Sea_720p_30fps_HLVC_256.avi,0.134615385
Sea_720p_30fps_vvc_qp32.mp4,0.978797902
Sea_720p_30fps_vvc_qp37.mp4,0.665529892
Sea_720p_30fps_vvc_qp42.mp4,0.307692308
Sea_720p_30fps_vvc_qp47.mp4,0.078067549
Shadow_720p_24fps_avs_qp39.mp4,0.974479888
Shadow_720p_24fps_avs_qp45.mp4,0.662399722
Shadow_720p_24fps_avs_qp51.mp4,0.346153846
Shadow_720p_24fps_avs_qp57.mp4,0.116180384
Shadow_720p_24fps_HLVC_2048.avi,0.9952411
Shadow_720p_24fps_HLVC_1024.avi,0.913351089
Shadow_720p_24fps_HLVC_512.avi,0.769230769
Shadow_720p_24fps_HLVC_256.avi,0.566849828
Shadow_720p_24fps_vvc_qp32.mp4,0.769230769
Shadow_720p_24fps_vvc_qp37.mp4,0.006840318
Shadow_720p_24fps_vvc_qp42.mp4,5.41E-07
Shadow_720p_24fps_vvc_qp47.mp4,2.76E-14
Shrine_720p_50fps_avs_qp39.mp4,0.980506273
Shrine_720p_50fps_avs_qp45.mp4,0.730769231
Shrine_720p_50fps_avs_qp51.mp4,0.445806527
Shrine_720p_50fps_avs_qp57.mp4,0.194126283
Shrine_720p_50fps_HLVC_2048.avi,0.989033796
Shrine_720p_50fps_HLVC_1024.avi,0.810982542
Shrine_720p_50fps_HLVC_512.avi,0.545270814
Shrine_720p_50fps_HLVC_256.avi,0.269230769
Shrine_720p_50fps_vvc_qp32.mp4,0.991490889
Shrine_720p_50fps_vvc_qp37.mp4,0.850130944
Shrine_720p_50fps_vvc_qp42.mp4,0.625
Shrine_720p_50fps_vvc_qp47.mp4,0.36170839
Skywheel_1080p_30fps_avs_qp39.mp4,0.995937489
Skywheel_1080p_30fps_avs_qp45.mp4,0.937199458
Skywheel_1080p_30fps_avs_qp51.mp4,0.846153846
Skywheel_1080p_30fps_avs_qp57.mp4,0.712504673
Skywheel_1080p_30fps_HLVC_2048.avi,0.9952411
Skywheel_1080p_30fps_HLVC_1024.avi,0.913351089
Skywheel_1080p_30fps_HLVC_512.avi,0.769230769
Skywheel_1080p_30fps_HLVC_256.avi,0.566849828
Skywheel_1080p_30fps_vvc_qp32.mp4,0.996550625
Skywheel_1080p_30fps_vvc_qp37.mp4,0.936457232
Skywheel_1080p_30fps_vvc_qp42.mp4,0.826923077
Skywheel_1080p_30fps_vvc_qp47.mp4,0.662864125
Sliding_720p_24fps_avs_qp39.mp4,0.957428418
Sliding_720p_24fps_avs_qp45.mp4,0.5
Sliding_720p_24fps_avs_qp51.mp4,0.167746663
Sliding_720p_24fps_avs_qp57.mp4,0.026714568
Sliding_720p_24fps_HLVC_2048.avi,0.993831363
Sliding_720p_24fps_HLVC_1024.avi,0.889080856
Sliding_720p_24fps_HLVC_512.avi,0.711538462
Sliding_720p_24fps_HLVC_256.avi,0.478862735
Sliding_720p_24fps_vvc_qp32.mp4,0.974770673
Sliding_720p_24fps_vvc_qp37.mp4,0.615384615
Sliding_720p_24fps_vvc_qp42.mp4,0.245264671
Sliding_720p_24fps_vvc_qp47.mp4,0.047796058
Smoke_1080p_25fps_avs_qp39.mp4,0.988143059
Smoke_1080p_25fps_avs_qp45.mp4,0.826923077
Smoke_1080p_25fps_avs_qp51.mp4,0.61294218
Smoke_1080p_25fps_avs_qp57.mp4,0.370385292
Smoke_1080p_25fps_HLVC_2048.avi,0.99548086
Smoke_1080p_25fps_HLVC_1024.avi,0.917540769
Smoke_1080p_25fps_HLVC_512.avi,0.779489524
Smoke_1080p_25fps_HLVC_256.avi,0.583333333
Smoke_1080p_25fps_vvc_qp32.mp4,0.992797481
Smoke_1080p_25fps_vvc_qp37.mp4,0.87167114
Smoke_1080p_25fps_vvc_qp42.mp4,0.671949552
Smoke_1080p_25fps_vvc_qp47.mp4,0.423076923
Sprouts_1080p_25fps_avs_qp39.mp4,0.99067458
Sprouts_1080p_25fps_avs_qp45.mp4,0.861330049
Sprouts_1080p_25fps_avs_qp51.mp4,0.680800653
Sprouts_1080p_25fps_avs_qp57.mp4,0.458333333
Sprouts_1080p_25fps_HLVC_2048.avi,0.996856267
Sprouts_1080p_25fps_HLVC_1024.avi,0.941929353
Sprouts_1080p_25fps_HLVC_512.avi,0.840988204
Sprouts_1080p_25fps_HLVC_256.avi,0.6875
Sprouts_1080p_25fps_vvc_qp32.mp4,0.993336396
Sprouts_1080p_25fps_vvc_qp37.mp4,0.880705316
Sprouts_1080p_25fps_vvc_qp42.mp4,0.692307692
Sprouts_1080p_25fps_vvc_qp47.mp4,0.45130012
Stonebeach_720p_24fps_avs_qp39.mp4,0.975458381
Stonebeach_720p_24fps_avs_qp45.mp4,0.673076923
Stonebeach_720p_24fps_avs_qp51.mp4,0.360708082
Stonebeach_720p_24fps_avs_qp57.mp4,0.12630678
Stonebeach_720p_24fps_HLVC_2048.avi,0.993168404
Stonebeach_720p_24fps_HLVC_1024.avi,0.877879693
Stonebeach_720p_24fps_HLVC_512.avi,0.685897499
Stonebeach_720p_24fps_HLVC_256.avi,0.442307692
Stonebeach_720p_24fps_vvc_qp32.mp4,0.788461538
Stonebeach_720p_24fps_vvc_qp37.mp4,0.010935276
Stonebeach_720p_24fps_vvc_qp42.mp4,2.10E-06
Stonebeach_720p_24fps_vvc_qp47.mp4,5.21E-13
Stone_720p_24fps_avs_qp39.mp4,0.984155862
Stone_720p_24fps_avs_qp45.mp4,0.775332515
Stone_720p_24fps_avs_qp51.mp4,0.519230769
Stone_720p_24fps_avs_qp57.mp4,0.26450806
Stone_720p_24fps_HLVC_2048.avi,0.990273237
Stone_720p_24fps_HLVC_1024.avi,0.830511789
Stone_720p_24fps_HLVC_512.avi,0.584153954
Stone_720p_24fps_HLVC_256.avi,0.3125
Stone_720p_24fps_vvc_qp32.mp4,0.992304613
Stone_720p_24fps_vvc_qp37.mp4,0.863485796
Stone_720p_24fps_vvc_qp42.mp4,0.653846154
Stone_720p_24fps_vvc_qp47.mp4,0.398801002
Strawberry_1080p_30fps_avs_qp39.mp4,0.995379711
Strawberry_1080p_30fps_avs_qp45.mp4,0.928871485
Strawberry_1080p_30fps_avs_qp51.mp4,0.826923077
Strawberry_1080p_30fps_avs_qp57.mp4,0.680031096
Strawberry_1080p_30fps_HLVC_2048.avi,0.992409448
Strawberry_1080p_30fps_HLVC_1024.avi,0.865220731
Strawberry_1080p_30fps_HLVC_512.avi,0.657656276
Strawberry_1080p_30fps_HLVC_256.avi,0.403846154
Strawberry_1080p_30fps_vvc_qp32.mp4,0.996598528
Strawberry_1080p_30fps_vvc_qp37.mp4,0.937312889
Strawberry_1080p_30fps_vvc_qp42.mp4,0.829112158
Strawberry_1080p_30fps_vvc_qp47.mp4,0.666666667
Street_1080p_30fps_avs_qp39.mp4,0.993807355
Street_1080p_30fps_avs_qp45.mp4,0.905767007
Street_1080p_30fps_avs_qp51.mp4,0.774978757
Street_1080p_30fps_avs_qp57.mp4,0.596153846
Street_1080p_30fps_HLVC_2048.avi,0.996550625
Street_1080p_30fps_HLVC_1024.avi,0.936457232
Street_1080p_30fps_HLVC_512.avi,0.826923077
Street_1080p_30fps_HLVC_256.avi,0.662864125
Street_1080p_30fps_vvc_qp32.mp4,0.997575101
Street_1080p_30fps_vvc_qp37.mp4,0.954918744
Street_1080p_30fps_vvc_qp42.mp4,0.875
Street_1080p_30fps_vvc_qp47.mp4,0.74907709
Stroll_1080p_60fps_avs_qp39.mp4,0.997539515
Stroll_1080p_60fps_avs_qp45.mp4,0.961509522
Stroll_1080p_60fps_avs_qp51.mp4,0.903846154
Stroll_1080p_60fps_avs_qp57.mp4,0.814538368
Stroll_1080p_60fps_HLVC_2048.avi,0.99618598
Stroll_1080p_60fps_HLVC_1024.avi,0.929968158
Stroll_1080p_60fps_HLVC_512.avi,0.810444697
Stroll_1080p_60fps_HLVC_256.avi,0.634615385
Stroll_1080p_60fps_vvc_qp32.mp4,0.99548086
Stroll_1080p_60fps_vvc_qp37.mp4,0.917540769
Stroll_1080p_60fps_vvc_qp42.mp4,0.779489524
Stroll_1080p_60fps_vvc_qp47.mp4,0.583333333
Temple_1080p_24fps_avs_qp39.mp4,0.996551095
Temple_1080p_24fps_avs_qp45.mp4,0.946441784
Temple_1080p_24fps_avs_qp51.mp4,0.867813517
Temple_1080p_24fps_avs_qp57.mp4,0.75
Temple_1080p_24fps_HLVC_2048.avi,0.996690551
Temple_1080p_24fps_HLVC_1024.avi,0.938958675
Temple_1080p_24fps_HLVC_512.avi,0.833333333
Temple_1080p_24fps_HLVC_256.avi,0.674032095
Temple_1080p_24fps_vvc_qp32.mp4,0.998163577
Temple_1080p_24fps_vvc_qp37.mp4,0.965678696
Temple_1080p_24fps_vvc_qp42.mp4,0.903846154
Temple_1080p_24fps_vvc_qp47.mp4,0.803534438
Thickleaf_1080p_30fps_avs_qp39.mp4,0.992196623
Thickleaf_1080p_30fps_avs_qp45.mp4,0.882657925
Thickleaf_1080p_30fps_avs_qp51.mp4,0.725071079
Thickleaf_1080p_30fps_avs_qp57.mp4,0.520833333
Thickleaf_1080p_30fps_HLVC_2048.avi,0.994192165
Thickleaf_1080p_30fps_HLVC_1024.avi,0.895233628
Thickleaf_1080p_30fps_HLVC_512.avi,0.725886115
Thickleaf_1080p_30fps_HLVC_256.avi,0.5
Thickleaf_1080p_30fps_vvc_qp32.mp4,0.994313366
Thickleaf_1080p_30fps_vvc_qp37.mp4,0.897309507
Thickleaf_1080p_30fps_vvc_qp42.mp4,0.730769231
Thickleaf_1080p_30fps_vvc_qp47.mp4,0.507306004
Threepeople_720p_24fps_avs_qp39.mp4,0.952630592
Threepeople_720p_24fps_avs_qp45.mp4,0.461538462
Threepeople_720p_24fps_avs_qp51.mp4,0.136495734
Threepeople_720p_24fps_avs_qp57.mp4,0.017582208
Threepeople_720p_24fps_HLVC_2048.avi,0.987476405
Threepeople_720p_24fps_HLVC_1024.avi,0.787059961
Threepeople_720p_24fps_HLVC_512.avi,0.5
Threepeople_720p_24fps_HLVC_256.avi,0.223192992
Threepeople_720p_24fps_vvc_qp32.mp4,0.975109651
Threepeople_720p_24fps_vvc_qp37.mp4,0.619463382
Threepeople_720p_24fps_vvc_qp42.mp4,0.25
Threepeople_720p_24fps_vvc_qp47.mp4,0.049815112
Tiger_1080p_30fps_avs_qp39.mp4,0.993627084
Tiger_1080p_30fps_avs_qp45.mp4,0.903152771
Tiger_1080p_30fps_avs_qp51.mp4,0.769230769
Tiger_1080p_30fps_avs_qp57.mp4,0.58721613
Tiger_1080p_30fps_HLVC_2048.avi,0.995928414
Tiger_1080p_30fps_HLVC_1024.avi,0.925410316
Tiger_1080p_30fps_HLVC_512.avi,0.798999971
Tiger_1080p_30fps_HLVC_256.avi,0.615384615
Tiger_1080p_30fps_vvc_qp32.mp4,0.995104895
Tiger_1080p_30fps_vvc_qp37.mp4,0.910979051
Tiger_1080p_30fps_vvc_qp42.mp4,0.763462035
Tiger_1080p_30fps_vvc_qp47.mp4,0.557692308
Tourists_720p_50fps_avs_qp39.mp4,0.966322001
Tourists_720p_50fps_avs_qp45.mp4,0.579360873
Tourists_720p_50fps_avs_qp51.mp4,0.245155377
Tourists_720p_50fps_avs_qp57.mp4,0.057692308
Tourists_720p_50fps_HLVC_2048.avi,0.983649306
Tourists_720p_50fps_HLVC_1024.avi,0.731081022
Tourists_720p_50fps_HLVC_512.avi,0.403846154
Tourists_720p_50fps_HLVC_256.avi,0.140602976
Tourists_720p_50fps_vvc_qp32.mp4,0.730769231
Tourists_720p_50fps_vvc_qp37.mp4,0.002581219
Tourists_720p_50fps_vvc_qp42.mp4,3.22E-08
Tourists_720p_50fps_vvc_qp47.mp4,6.16E-17
Twoforeigners_720p_30fps_avs_qp39.mp4,0.95815851
Twoforeigners_720p_30fps_avs_qp45.mp4,0.506109536
Twoforeigners_720p_30fps_avs_qp51.mp4,0.173076923
Twoforeigners_720p_30fps_avs_qp57.mp4,0.028465183
Twoforeigners_720p_30fps_HLVC_2048.avi,0.990648784
Twoforeigners_720p_30fps_HLVC_1024.avi,0.836516485
Twoforeigners_720p_30fps_HLVC_512.avi,0.596463799
Twoforeigners_720p_30fps_HLVC_256.avi,0.326923077
Twoforeigners_720p_30fps_vvc_qp32.mp4,0.957974438
Twoforeigners_720p_30fps_vvc_qp37.mp4,0.442307692
Twoforeigners_720p_30fps_vvc_qp42.mp4,0.09429
Twoforeigners_720p_30fps_vvc_qp47.mp4,0.006041107
Twomans_720p_24fps_avs_qp39.mp4,0.975023454
Twomans_720p_24fps_avs_qp45.mp4,0.668311289
Twomans_720p_24fps_avs_qp51.mp4,0.354166667
Twomans_720p_24fps_avs_qp57.mp4,0.121702367
Twomans_720p_24fps_HLVC_2048.avi,0.99087993
Twomans_720p_24fps_HLVC_1024.avi,0.840232756
Twomans_720p_24fps_HLVC_512.avi,0.604166667
Twomans_720p_24fps_HLVC_256.avi,0.336126544
Twomans_720p_24fps_vvc_qp32.mp4,0.972030363
Twomans_720p_24fps_vvc_qp37.mp4,0.583333333
Twomans_720p_24fps_vvc_qp42.mp4,0.210082907
Twomans_720p_24fps_vvc_qp47.mp4,0.034190064
Underleaf_720p_30fps_avs_qp39.mp4,0.986684791
Underleaf_720p_30fps_avs_qp45.mp4,0.807692308
Underleaf_720p_30fps_avs_qp51.mp4,0.576897394
Underleaf_720p_30fps_avs_qp57.mp4,0.327526188
Underleaf_720p_30fps_HLVC_2048.avi,0.991766155
Underleaf_720p_30fps_HLVC_1024.avi,0.854626564
Underleaf_720p_30fps_HLVC_512.avi,0.634615385
Underleaf_720p_30fps_HLVC_256.avi,0.373856336
Underleaf_720p_30fps_vvc_qp32.mp4,0.992655014
Underleaf_720p_30fps_vvc_qp37.mp4,0.869297587
Underleaf_720p_30fps_vvc_qp42.mp4,0.666666667
Underleaf_720p_30fps_vvc_qp47.mp4,0.415913052
Villageonlake_720p_24fps_avs_qp39.mp4,0.971862625
Villageonlake_720p_24fps_avs_qp45.mp4,0.634615385
Villageonlake_720p_24fps_avs_qp51.mp4,0.3099828
Villageonlake_720p_24fps_avs_qp57.mp4,0.092869916
Villageonlake_720p_24fps_HLVC_2048.avi,0.982677491
Villageonlake_720p_24fps_HLVC_1024.avi,0.717478946
Villageonlake_720p_24fps_HLVC_512.avi,0.382477127
Villageonlake_720p_24fps_HLVC_256.avi,0.125
Villageonlake_720p_24fps_vvc_qp32.mp4,0.982777104
Villageonlake_720p_24fps_vvc_qp37.mp4,0.718862073
Villageonlake_720p_24fps_vvc_qp42.mp4,0.384615385
Villageonlake_720p_24fps_vvc_qp47.mp4,0.12651691
Village_720p_24fps_avs_qp39.mp4,0.979256722
Village_720p_24fps_avs_qp45.mp4,0.716071531
Village_720p_24fps_avs_qp51.mp4,0.423076923
Village_720p_24fps_avs_qp57.mp4,0.174569713
Village_720p_24fps_HLVC_2048.avi,0.985081875
Village_720p_24fps_HLVC_1024.avi,0.75157831
Village_720p_24fps_HLVC_512.avi,0.4375
Village_720p_24fps_HLVC_256.avi,0.167188757
Village_720p_24fps_vvc_qp32.mp4,0.98224758
Village_720p_24fps_vvc_qp37.mp4,0.711538462
Village_720p_24fps_vvc_qp42.mp4,0.373381854
Village_720p_24fps_vvc_qp47.mp4,0.11865748
Volcano_720p_24fps_avs_qp39.mp4,0.884615385
Volcano_720p_24fps_avs_qp45.mp4,0.141790784
Volcano_720p_24fps_avs_qp51.mp4,0.006530512
Volcano_720p_24fps_avs_qp57.mp4,3.68E-05
Volcano_720p_24fps_HLVC_2048.avi,0.979073858
Volcano_720p_24fps_HLVC_1024.avi,0.669104027
Volcano_720p_24fps_HLVC_512.avi,0.3125
Volcano_720p_24fps_HLVC_256.avi,0.080730778
Volcano_720p_24fps_vvc_qp32.mp4,0.988914547
Volcano_720p_24fps_vvc_qp37.mp4,0.809126728
Volcano_720p_24fps_vvc_qp42.mp4,0.541666667
Volcano_720p_24fps_vvc_qp47.mp4,0.26539523
Walking_720p_30fps_avs_qp39.mp4,0.966736523
Walking_720p_30fps_avs_qp45.mp4,0.583333333
Walking_720p_30fps_avs_qp51.mp4,0.249508295
Walking_720p_30fps_avs_qp57.mp4,0.059789847
Walking_720p_30fps_HLVC_2048.avi,0.98527764
Walking_720p_30fps_HLVC_1024.avi,0.754421255
Walking_720p_30fps_HLVC_512.avi,0.442307692
Walking_720p_30fps_HLVC_256.avi,0.171189305
Walking_720p_30fps_vvc_qp32.mp4,0.976529782
Walking_720p_30fps_vvc_qp37.mp4,0.63683125
Walking_720p_30fps_vvc_qp42.mp4,0.270833333
Walking_720p_30fps_vvc_qp47.mp4,0.059234355
Waterway_720p_25fps_avs_qp39.mp4,0.988143059
Waterway_720p_25fps_avs_qp45.mp4,0.826923077
Waterway_720p_25fps_avs_qp51.mp4,0.61294218
Waterway_720p_25fps_avs_qp57.mp4,0.370385292
Waterway_720p_25fps_HLVC_2048.avi,0.993831363
Waterway_720p_25fps_HLVC_1024.avi,0.889080856
Waterway_720p_25fps_HLVC_512.avi,0.711538462
Waterway_720p_25fps_HLVC_256.avi,0.478862735
Waterway_720p_25fps_vvc_qp32.mp4,0.993336396
Waterway_720p_25fps_vvc_qp37.mp4,0.880705316
Waterway_720p_25fps_vvc_qp42.mp4,0.692307692
Waterway_720p_25fps_vvc_qp47.mp4,0.45130012
Wharf_720p_24fps_avs_qp39.mp4,0.986684791
Wharf_720p_24fps_avs_qp45.mp4,0.807692308
Wharf_720p_24fps_avs_qp51.mp4,0.576897394
Wharf_720p_24fps_avs_qp57.mp4,0.327526188
Wharf_720p_24fps_HLVC_2048.avi,0.988914547
Wharf_720p_24fps_HLVC_1024.avi,0.809126728
Wharf_720p_24fps_HLVC_512.avi,0.541666667
Wharf_720p_24fps_HLVC_256.avi,0.26539523
Wharf_720p_24fps_vvc_qp32.mp4,0.994693282
Wharf_720p_24fps_vvc_qp37.mp4,0.903846154
Wharf_720p_24fps_vvc_qp42.mp4,0.746285792
Wharf_720p_24fps_vvc_qp47.mp4,0.530900349
Womanhorse_720p_24fps_avs_qp39.mp4,0.949437844
Womanhorse_720p_24fps_avs_qp45.mp4,0.4375
Womanhorse_720p_24fps_avs_qp51.mp4,0.118928866
Womanhorse_720p_24fps_avs_qp57.mp4,0.013294406
Womanhorse_720p_24fps_HLVC_2048.avi,0.986904851
Womanhorse_720p_24fps_HLVC_1024.avi,0.778449404
Womanhorse_720p_24fps_HLVC_512.avi,0.484329145
Womanhorse_720p_24fps_HLVC_256.avi,0.208333333
Womanhorse_720p_24fps_vvc_qp32.mp4,0.980223405
Womanhorse_720p_24fps_vvc_qp37.mp4,0.684189325
Womanhorse_720p_24fps_vvc_qp42.mp4,0.333333333
Womanhorse_720p_24fps_vvc_qp47.mp4,0.092828878
Woodenbridge_720p_50fps_avs_qp39.mp4,0.953656483
Woodenbridge_720p_50fps_avs_qp45.mp4,0.469521593
Woodenbridge_720p_50fps_avs_qp51.mp4,0.142659806
Woodenbridge_720p_50fps_avs_qp57.mp4,0.019230769
Woodenbridge_720p_50fps_HLVC_2048.avi,0.98536844
Woodenbridge_720p_50fps_HLVC_1024.avi,0.755743326
Woodenbridge_720p_50fps_HLVC_512.avi,0.444555169
Woodenbridge_720p_50fps_HLVC_256.avi,0.173076923
Woodenbridge_720p_50fps_vvc_qp32.mp4,0.983649306
Woodenbridge_720p_50fps_vvc_qp37.mp4,0.731081022
Woodenbridge_720p_50fps_vvc_qp42.mp4,0.403846154
Woodenbridge_720p_50fps_vvc_qp47.mp4,0.140602976
Woolroll_720p_24fps_avs_qp39.mp4,0.98517088
Woolroll_720p_24fps_avs_qp45.mp4,0.788171724
Woolroll_720p_24fps_avs_qp51.mp4,0.541666667
Woolroll_720p_24fps_avs_qp57.mp4,0.288215172
Woolroll_720p_24fps_HLVC_2048.avi,0.987476405
Woolroll_720p_24fps_HLVC_1024.avi,0.787059961
Woolroll_720p_24fps_HLVC_512.avi,0.5
Woolroll_720p_24fps_HLVC_256.avi,0.223192992
Woolroll_720p_24fps_vvc_qp32.mp4,0.990049
Woolroll_720p_24fps_vvc_qp37.mp4,0.826945897
Woolroll_720p_24fps_vvc_qp42.mp4,0.576923077
Woolroll_720p_24fps_vvc_qp47.mp4,0.304190766
Yellowfish_720p_25fps_avs_qp39.mp4,0.978892468
Yellowfish_720p_25fps_avs_qp45.mp4,0.711839477
Yellowfish_720p_25fps_avs_qp51.mp4,0.416666667
Yellowfish_720p_25fps_avs_qp57.mp4,0.169244598
Yellowfish_720p_25fps_HLVC_2048.avi,0.992655014
Yellowfish_720p_25fps_HLVC_1024.avi,0.869297587
Yellowfish_720p_25fps_HLVC_512.avi,0.666666667
Yellowfish_720p_25fps_HLVC_256.avi,0.415913052
Yellowfish_720p_25fps_vvc_qp32.mp4,0.986040354
Yellowfish_720p_25fps_vvc_qp37.mp4,0.765595007
Yellowfish_720p_25fps_vvc_qp42.mp4,0.461538462
Yellowfish_720p_25fps_vvc_qp47.mp4,0.18770161
Yellowflower_720p_24fps_avs_qp39.mp4,0.968056514
Yellowflower_720p_24fps_avs_qp45.mp4,0.596153846
Yellowflower_720p_24fps_avs_qp51.mp4,0.263877934
Yellowflower_720p_24fps_avs_qp57.mp4,0.066984016
Yellowflower_720p_24fps_HLVC_2048.avi,0.991575146
Yellowflower_720p_24fps_HLVC_1024.avi,0.851504634
Yellowflower_720p_24fps_HLVC_512.avi,0.627927904
Yellowflower_720p_24fps_HLVC_256.avi,0.365384615
Yellowflower_720p_24fps_vvc_qp32.mp4,0.986772483
Yellowflower_720p_24fps_vvc_qp37.mp4,0.776468023
Yellowflower_720p_24fps_vvc_qp42.mp4,0.480769231
Yellowflower_720p_24fps_vvc_qp47.mp4,0.205034339
Yokohama2_720p_60fps_avs_qp39.mp4,0.988590544
Yokohama2_720p_60fps_avs_qp45.mp4,0.832909754
Yokohama2_720p_60fps_avs_qp51.mp4,0.624436928
Yokohama2_720p_60fps_avs_qp57.mp4,0.384615385
Yokohama2_720p_60fps_HLVC_2048.avi,0.991315346
Yokohama2_720p_60fps_HLVC_1024.avi,0.847275711
Yokohama2_720p_60fps_HLVC_512.avi,0.618942936
Yokohama2_720p_60fps_HLVC_256.avi,0.354166667
Yokohama2_720p_60fps_vvc_qp32.mp4,0.993568021
Yokohama2_720p_60fps_vvc_qp37.mp4,0.884615385
Yokohama2_720p_60fps_vvc_qp42.mp4,0.701242542
Yokohama2_720p_60fps_vvc_qp47.mp4,0.463996765
Yokohamanight_720p_60fps_avs_qp39.mp4,0.992159904
Yokohamanight_720p_60fps_avs_qp45.mp4,0.882137616
Yokohamanight_720p_60fps_avs_qp51.mp4,0.723970721
Yokohamanight_720p_60fps_avs_qp57.mp4,0.519230769
Yokohamanight_720p_60fps_HLVC_2048.avi,0.994783073
Yokohamanight_720p_60fps_HLVC_1024.avi,0.905397614
Yokohamanight_720p_60fps_HLVC_512.avi,0.75
Yokohamanight_720p_60fps_HLVC_256.avi,0.536633779
Yokohamanight_720p_60fps_vvc_qp32.mp4,0.996231856
Yokohamanight_720p_60fps_vvc_qp37.mp4,0.930782208
Yokohamanight_720p_60fps_vvc_qp42.mp4,0.8125
Yokohamanight_720p_60fps_vvc_qp47.mp4,0.638102672
Yokohama_720p_60fps_avs_qp39.mp4,0.826923077
Yokohama_720p_60fps_avs_qp45.mp4,0.048415585
Yokohama_720p_60fps_avs_qp51.mp4,0.000410195
Yokohama_720p_60fps_avs_qp57.mp4,1.34E-07
Yokohama_720p_60fps_HLVC_2048.avi,0.988154232
Yokohama_720p_60fps_HLVC_1024.avi,0.797388492
Yokohama_720p_60fps_HLVC_512.avi,0.519230769
Yokohama_720p_60fps_HLVC_256.avi,0.242182889
Yokohama_720p_60fps_vvc_qp32.mp4,0.99087993
Yokohama_720p_60fps_vvc_qp37.mp4,0.840232756
Yokohama_720p_60fps_vvc_qp42.mp4,0.604166667
Yokohama_720p_60fps_vvc_qp47.mp4,0.336126544
